-- =====================================================
-- DATOS PRECARGADOS DESDE data.json
-- Total de registros: 220
-- =====================================================

-- Insertar contribuyentes
INSERT INTO contribuyentes (id_contribuyente, nombres, dni, telefono) VALUES (1, 'Propietario_1', NULL, NULL);
INSERT INTO contribuyentes (id_contribuyente, nombres, dni, telefono) VALUES (2, 'Propietario_2', NULL, NULL);
INSERT INTO contribuyentes (id_contribuyente, nombres, dni, telefono) VALUES (3, 'Propietario_3', NULL, NULL);
INSERT INTO contribuyentes (id_contribuyente, nombres, dni, telefono) VALUES (4, 'Propietario_4', NULL, NULL);
INSERT INTO contribuyentes (id_contribuyente, nombres, dni, telefono) VALUES (5, 'Propietario_5', NULL, NULL);
INSERT INTO contribuyentes (id_contribuyente, nombres, dni, telefono) VALUES (6, 'Propietario_6', NULL, NULL);
INSERT INTO contribuyentes (id_contribuyente, nombres, dni, telefono) VALUES (7, 'Propietario_7', NULL, NULL);
INSERT INTO contribuyentes (id_contribuyente, nombres, dni, telefono) VALUES (8, 'Propietario_8', NULL, NULL);
INSERT INTO contribuyentes (id_contribuyente, nombres, dni, telefono) VALUES (9, 'Propietario_9', NULL, NULL);
INSERT INTO contribuyentes (id_contribuyente, nombres, dni, telefono) VALUES (10, 'Propietario_10', NULL, NULL);
INSERT INTO contribuyentes (id_contribuyente, nombres, dni, telefono) VALUES (11, 'Propietario_11', NULL, NULL);
INSERT INTO contribuyentes (id_contribuyente, nombres, dni, telefono) VALUES (12, 'Propietario_12', NULL, NULL);
INSERT INTO contribuyentes (id_contribuyente, nombres, dni, telefono) VALUES (13, 'Propietario_13', NULL, NULL);
INSERT INTO contribuyentes (id_contribuyente, nombres, dni, telefono) VALUES (14, 'Propietario_14', NULL, NULL);
INSERT INTO contribuyentes (id_contribuyente, nombres, dni, telefono) VALUES (15, 'Propietario_15', NULL, NULL);
INSERT INTO contribuyentes (id_contribuyente, nombres, dni, telefono) VALUES (16, 'Propietario_16', NULL, NULL);
INSERT INTO contribuyentes (id_contribuyente, nombres, dni, telefono) VALUES (17, 'Propietario_17', NULL, NULL);
INSERT INTO contribuyentes (id_contribuyente, nombres, dni, telefono) VALUES (18, 'Propietario_18', NULL, NULL);
INSERT INTO contribuyentes (id_contribuyente, nombres, dni, telefono) VALUES (19, 'Propietario_19', NULL, NULL);
INSERT INTO contribuyentes (id_contribuyente, nombres, dni, telefono) VALUES (20, 'Propietario_20', NULL, NULL);
INSERT INTO contribuyentes (id_contribuyente, nombres, dni, telefono) VALUES (21, 'Propietario_21', NULL, NULL);
INSERT INTO contribuyentes (id_contribuyente, nombres, dni, telefono) VALUES (22, 'Propietario_22', NULL, NULL);
INSERT INTO contribuyentes (id_contribuyente, nombres, dni, telefono) VALUES (23, 'Propietario_23', NULL, NULL);
INSERT INTO contribuyentes (id_contribuyente, nombres, dni, telefono) VALUES (24, 'Propietario_24', NULL, NULL);
INSERT INTO contribuyentes (id_contribuyente, nombres, dni, telefono) VALUES (25, 'Propietario_25', NULL, NULL);
INSERT INTO contribuyentes (id_contribuyente, nombres, dni, telefono) VALUES (26, 'Propietario_26', NULL, NULL);
INSERT INTO contribuyentes (id_contribuyente, nombres, dni, telefono) VALUES (27, 'Propietario_27', NULL, NULL);
INSERT INTO contribuyentes (id_contribuyente, nombres, dni, telefono) VALUES (28, 'Propietario_28', NULL, NULL);
INSERT INTO contribuyentes (id_contribuyente, nombres, dni, telefono) VALUES (29, 'Propietario_29', NULL, NULL);
INSERT INTO contribuyentes (id_contribuyente, nombres, dni, telefono) VALUES (30, 'Propietario_30', NULL, NULL);
INSERT INTO contribuyentes (id_contribuyente, nombres, dni, telefono) VALUES (31, 'Propietario_31', NULL, NULL);
INSERT INTO contribuyentes (id_contribuyente, nombres, dni, telefono) VALUES (32, 'Propietario_32', NULL, NULL);
INSERT INTO contribuyentes (id_contribuyente, nombres, dni, telefono) VALUES (33, 'Propietario_33', NULL, NULL);
INSERT INTO contribuyentes (id_contribuyente, nombres, dni, telefono) VALUES (34, 'Propietario_34', NULL, NULL);
INSERT INTO contribuyentes (id_contribuyente, nombres, dni, telefono) VALUES (35, 'Propietario_35', NULL, NULL);
INSERT INTO contribuyentes (id_contribuyente, nombres, dni, telefono) VALUES (36, 'Propietario_36', NULL, NULL);
INSERT INTO contribuyentes (id_contribuyente, nombres, dni, telefono) VALUES (37, 'Propietario_37', NULL, NULL);
INSERT INTO contribuyentes (id_contribuyente, nombres, dni, telefono) VALUES (38, 'Propietario_38', NULL, NULL);
INSERT INTO contribuyentes (id_contribuyente, nombres, dni, telefono) VALUES (39, 'Propietario_39', NULL, NULL);
INSERT INTO contribuyentes (id_contribuyente, nombres, dni, telefono) VALUES (40, 'Propietario_40', NULL, NULL);
INSERT INTO contribuyentes (id_contribuyente, nombres, dni, telefono) VALUES (41, 'Propietario_41', NULL, NULL);
INSERT INTO contribuyentes (id_contribuyente, nombres, dni, telefono) VALUES (42, 'Propietario_42', NULL, NULL);
INSERT INTO contribuyentes (id_contribuyente, nombres, dni, telefono) VALUES (43, 'Propietario_43', NULL, NULL);
INSERT INTO contribuyentes (id_contribuyente, nombres, dni, telefono) VALUES (44, 'Propietario_44', NULL, NULL);
INSERT INTO contribuyentes (id_contribuyente, nombres, dni, telefono) VALUES (45, 'Propietario_45', NULL, NULL);
INSERT INTO contribuyentes (id_contribuyente, nombres, dni, telefono) VALUES (46, 'Propietario_46', NULL, NULL);
INSERT INTO contribuyentes (id_contribuyente, nombres, dni, telefono) VALUES (47, 'Propietario_47', NULL, NULL);
INSERT INTO contribuyentes (id_contribuyente, nombres, dni, telefono) VALUES (48, 'Propietario_48', NULL, NULL);
INSERT INTO contribuyentes (id_contribuyente, nombres, dni, telefono) VALUES (49, 'Propietario_49', NULL, NULL);
INSERT INTO contribuyentes (id_contribuyente, nombres, dni, telefono) VALUES (50, 'Propietario_50', NULL, NULL);
INSERT INTO contribuyentes (id_contribuyente, nombres, dni, telefono) VALUES (51, 'Propietario_51', NULL, NULL);
INSERT INTO contribuyentes (id_contribuyente, nombres, dni, telefono) VALUES (52, 'Propietario_52', NULL, NULL);
INSERT INTO contribuyentes (id_contribuyente, nombres, dni, telefono) VALUES (53, 'Propietario_53', NULL, NULL);
INSERT INTO contribuyentes (id_contribuyente, nombres, dni, telefono) VALUES (54, 'Propietario_54', NULL, NULL);
INSERT INTO contribuyentes (id_contribuyente, nombres, dni, telefono) VALUES (55, 'Propietario_55', NULL, NULL);
INSERT INTO contribuyentes (id_contribuyente, nombres, dni, telefono) VALUES (56, 'Propietario_56', NULL, NULL);
INSERT INTO contribuyentes (id_contribuyente, nombres, dni, telefono) VALUES (57, 'Propietario_57', NULL, NULL);
INSERT INTO contribuyentes (id_contribuyente, nombres, dni, telefono) VALUES (58, 'Propietario_58', NULL, NULL);
INSERT INTO contribuyentes (id_contribuyente, nombres, dni, telefono) VALUES (59, 'Propietario_59', NULL, NULL);
INSERT INTO contribuyentes (id_contribuyente, nombres, dni, telefono) VALUES (60, 'Propietario_60', NULL, NULL);
INSERT INTO contribuyentes (id_contribuyente, nombres, dni, telefono) VALUES (61, 'Propietario_61', NULL, NULL);
INSERT INTO contribuyentes (id_contribuyente, nombres, dni, telefono) VALUES (62, 'Propietario_62', NULL, NULL);
INSERT INTO contribuyentes (id_contribuyente, nombres, dni, telefono) VALUES (63, 'Propietario_63', NULL, NULL);
INSERT INTO contribuyentes (id_contribuyente, nombres, dni, telefono) VALUES (64, 'Propietario_64', NULL, NULL);
INSERT INTO contribuyentes (id_contribuyente, nombres, dni, telefono) VALUES (65, 'Propietario_65', NULL, NULL);
INSERT INTO contribuyentes (id_contribuyente, nombres, dni, telefono) VALUES (66, 'Propietario_66', NULL, NULL);
INSERT INTO contribuyentes (id_contribuyente, nombres, dni, telefono) VALUES (67, 'Propietario_67', NULL, NULL);
INSERT INTO contribuyentes (id_contribuyente, nombres, dni, telefono) VALUES (68, 'Propietario_68', NULL, NULL);
INSERT INTO contribuyentes (id_contribuyente, nombres, dni, telefono) VALUES (69, 'Propietario_69', NULL, NULL);
INSERT INTO contribuyentes (id_contribuyente, nombres, dni, telefono) VALUES (70, 'Propietario_70', NULL, NULL);
INSERT INTO contribuyentes (id_contribuyente, nombres, dni, telefono) VALUES (71, 'Propietario_71', NULL, NULL);
INSERT INTO contribuyentes (id_contribuyente, nombres, dni, telefono) VALUES (72, 'Propietario_72', NULL, NULL);
INSERT INTO contribuyentes (id_contribuyente, nombres, dni, telefono) VALUES (73, 'Propietario_73', NULL, NULL);
INSERT INTO contribuyentes (id_contribuyente, nombres, dni, telefono) VALUES (74, 'Propietario_74', NULL, NULL);
INSERT INTO contribuyentes (id_contribuyente, nombres, dni, telefono) VALUES (75, 'Propietario_75', NULL, NULL);
INSERT INTO contribuyentes (id_contribuyente, nombres, dni, telefono) VALUES (76, 'Propietario_76', NULL, NULL);
INSERT INTO contribuyentes (id_contribuyente, nombres, dni, telefono) VALUES (77, 'Propietario_77', NULL, NULL);
INSERT INTO contribuyentes (id_contribuyente, nombres, dni, telefono) VALUES (78, 'Propietario_78', NULL, NULL);
INSERT INTO contribuyentes (id_contribuyente, nombres, dni, telefono) VALUES (79, 'Propietario_79', NULL, NULL);
INSERT INTO contribuyentes (id_contribuyente, nombres, dni, telefono) VALUES (80, 'Propietario_80', NULL, NULL);
INSERT INTO contribuyentes (id_contribuyente, nombres, dni, telefono) VALUES (81, 'Propietario_81', NULL, NULL);
INSERT INTO contribuyentes (id_contribuyente, nombres, dni, telefono) VALUES (82, 'Propietario_82', NULL, NULL);
INSERT INTO contribuyentes (id_contribuyente, nombres, dni, telefono) VALUES (83, 'Propietario_83', NULL, NULL);
INSERT INTO contribuyentes (id_contribuyente, nombres, dni, telefono) VALUES (84, 'Propietario_84', NULL, NULL);
INSERT INTO contribuyentes (id_contribuyente, nombres, dni, telefono) VALUES (85, 'Propietario_85', NULL, NULL);
INSERT INTO contribuyentes (id_contribuyente, nombres, dni, telefono) VALUES (86, 'Propietario_86', NULL, NULL);
INSERT INTO contribuyentes (id_contribuyente, nombres, dni, telefono) VALUES (87, 'Propietario_87', NULL, NULL);
INSERT INTO contribuyentes (id_contribuyente, nombres, dni, telefono) VALUES (88, 'Propietario_88', NULL, NULL);
INSERT INTO contribuyentes (id_contribuyente, nombres, dni, telefono) VALUES (89, 'Propietario_89', NULL, NULL);
INSERT INTO contribuyentes (id_contribuyente, nombres, dni, telefono) VALUES (90, 'Propietario_90', NULL, NULL);
INSERT INTO contribuyentes (id_contribuyente, nombres, dni, telefono) VALUES (91, 'Propietario_91', NULL, NULL);
INSERT INTO contribuyentes (id_contribuyente, nombres, dni, telefono) VALUES (92, 'Propietario_92', NULL, NULL);
INSERT INTO contribuyentes (id_contribuyente, nombres, dni, telefono) VALUES (93, 'Propietario_93', NULL, NULL);
INSERT INTO contribuyentes (id_contribuyente, nombres, dni, telefono) VALUES (94, 'Propietario_94', NULL, NULL);
INSERT INTO contribuyentes (id_contribuyente, nombres, dni, telefono) VALUES (95, 'Propietario_95', NULL, NULL);
INSERT INTO contribuyentes (id_contribuyente, nombres, dni, telefono) VALUES (96, 'Propietario_96', NULL, NULL);
INSERT INTO contribuyentes (id_contribuyente, nombres, dni, telefono) VALUES (97, 'Propietario_97', NULL, NULL);
INSERT INTO contribuyentes (id_contribuyente, nombres, dni, telefono) VALUES (98, 'Propietario_98', NULL, NULL);
INSERT INTO contribuyentes (id_contribuyente, nombres, dni, telefono) VALUES (99, 'Propietario_99', NULL, NULL);
INSERT INTO contribuyentes (id_contribuyente, nombres, dni, telefono) VALUES (100, 'Propietario_100', NULL, NULL);
INSERT INTO contribuyentes (id_contribuyente, nombres, dni, telefono) VALUES (101, 'Propietario_101', NULL, NULL);
INSERT INTO contribuyentes (id_contribuyente, nombres, dni, telefono) VALUES (102, 'Propietario_102', NULL, NULL);
INSERT INTO contribuyentes (id_contribuyente, nombres, dni, telefono) VALUES (103, 'Propietario_103', NULL, NULL);
INSERT INTO contribuyentes (id_contribuyente, nombres, dni, telefono) VALUES (104, 'Propietario_104', NULL, NULL);
INSERT INTO contribuyentes (id_contribuyente, nombres, dni, telefono) VALUES (105, 'Propietario_105', NULL, NULL);
INSERT INTO contribuyentes (id_contribuyente, nombres, dni, telefono) VALUES (106, 'Propietario_106', NULL, NULL);
INSERT INTO contribuyentes (id_contribuyente, nombres, dni, telefono) VALUES (107, 'Propietario_107', NULL, NULL);
INSERT INTO contribuyentes (id_contribuyente, nombres, dni, telefono) VALUES (108, 'Propietario_108', NULL, NULL);
INSERT INTO contribuyentes (id_contribuyente, nombres, dni, telefono) VALUES (109, 'Propietario_109', NULL, NULL);
INSERT INTO contribuyentes (id_contribuyente, nombres, dni, telefono) VALUES (110, 'Propietario_110', NULL, NULL);
INSERT INTO contribuyentes (id_contribuyente, nombres, dni, telefono) VALUES (111, 'Propietario_111', NULL, NULL);
INSERT INTO contribuyentes (id_contribuyente, nombres, dni, telefono) VALUES (112, 'Propietario_112', NULL, NULL);
INSERT INTO contribuyentes (id_contribuyente, nombres, dni, telefono) VALUES (113, 'Propietario_113', NULL, NULL);
INSERT INTO contribuyentes (id_contribuyente, nombres, dni, telefono) VALUES (114, 'Propietario_114', NULL, NULL);
INSERT INTO contribuyentes (id_contribuyente, nombres, dni, telefono) VALUES (115, 'Propietario_115', NULL, NULL);
INSERT INTO contribuyentes (id_contribuyente, nombres, dni, telefono) VALUES (116, 'Propietario_116', NULL, NULL);
INSERT INTO contribuyentes (id_contribuyente, nombres, dni, telefono) VALUES (117, 'Propietario_117', NULL, NULL);
INSERT INTO contribuyentes (id_contribuyente, nombres, dni, telefono) VALUES (118, 'Propietario_118', NULL, NULL);
INSERT INTO contribuyentes (id_contribuyente, nombres, dni, telefono) VALUES (119, 'Propietario_119', NULL, NULL);
INSERT INTO contribuyentes (id_contribuyente, nombres, dni, telefono) VALUES (120, 'Propietario_120', NULL, NULL);
INSERT INTO contribuyentes (id_contribuyente, nombres, dni, telefono) VALUES (121, 'Propietario_121', NULL, NULL);
INSERT INTO contribuyentes (id_contribuyente, nombres, dni, telefono) VALUES (122, 'Propietario_122', NULL, NULL);
INSERT INTO contribuyentes (id_contribuyente, nombres, dni, telefono) VALUES (123, 'Propietario_123', NULL, NULL);
INSERT INTO contribuyentes (id_contribuyente, nombres, dni, telefono) VALUES (124, 'Propietario_124', NULL, NULL);
INSERT INTO contribuyentes (id_contribuyente, nombres, dni, telefono) VALUES (125, 'Propietario_125', NULL, NULL);
INSERT INTO contribuyentes (id_contribuyente, nombres, dni, telefono) VALUES (126, 'Propietario_126', NULL, NULL);
INSERT INTO contribuyentes (id_contribuyente, nombres, dni, telefono) VALUES (127, 'Propietario_127', NULL, NULL);
INSERT INTO contribuyentes (id_contribuyente, nombres, dni, telefono) VALUES (128, 'Propietario_128', NULL, NULL);
INSERT INTO contribuyentes (id_contribuyente, nombres, dni, telefono) VALUES (129, 'Propietario_129', NULL, NULL);
INSERT INTO contribuyentes (id_contribuyente, nombres, dni, telefono) VALUES (130, 'Propietario_130', NULL, NULL);
INSERT INTO contribuyentes (id_contribuyente, nombres, dni, telefono) VALUES (131, 'Propietario_131', NULL, NULL);
INSERT INTO contribuyentes (id_contribuyente, nombres, dni, telefono) VALUES (132, 'Propietario_132', NULL, NULL);
INSERT INTO contribuyentes (id_contribuyente, nombres, dni, telefono) VALUES (133, 'Propietario_133', NULL, NULL);
INSERT INTO contribuyentes (id_contribuyente, nombres, dni, telefono) VALUES (134, 'Propietario_134', NULL, NULL);
INSERT INTO contribuyentes (id_contribuyente, nombres, dni, telefono) VALUES (135, 'Propietario_135', NULL, NULL);
INSERT INTO contribuyentes (id_contribuyente, nombres, dni, telefono) VALUES (136, 'Propietario_136', NULL, NULL);
INSERT INTO contribuyentes (id_contribuyente, nombres, dni, telefono) VALUES (137, 'Propietario_137', NULL, NULL);
INSERT INTO contribuyentes (id_contribuyente, nombres, dni, telefono) VALUES (138, 'Propietario_138', NULL, NULL);
INSERT INTO contribuyentes (id_contribuyente, nombres, dni, telefono) VALUES (139, 'Propietario_139', NULL, NULL);
INSERT INTO contribuyentes (id_contribuyente, nombres, dni, telefono) VALUES (140, 'Propietario_140', NULL, NULL);
INSERT INTO contribuyentes (id_contribuyente, nombres, dni, telefono) VALUES (141, 'Propietario_141', NULL, NULL);
INSERT INTO contribuyentes (id_contribuyente, nombres, dni, telefono) VALUES (142, 'Propietario_142', NULL, NULL);
INSERT INTO contribuyentes (id_contribuyente, nombres, dni, telefono) VALUES (143, 'Propietario_143', NULL, NULL);
INSERT INTO contribuyentes (id_contribuyente, nombres, dni, telefono) VALUES (144, 'Propietario_144', NULL, NULL);
INSERT INTO contribuyentes (id_contribuyente, nombres, dni, telefono) VALUES (145, 'Propietario_145', NULL, NULL);
INSERT INTO contribuyentes (id_contribuyente, nombres, dni, telefono) VALUES (146, 'Propietario_146', NULL, NULL);
INSERT INTO contribuyentes (id_contribuyente, nombres, dni, telefono) VALUES (147, 'Propietario_147', NULL, NULL);
INSERT INTO contribuyentes (id_contribuyente, nombres, dni, telefono) VALUES (148, 'Propietario_148', NULL, NULL);
INSERT INTO contribuyentes (id_contribuyente, nombres, dni, telefono) VALUES (149, 'Propietario_149', NULL, NULL);
INSERT INTO contribuyentes (id_contribuyente, nombres, dni, telefono) VALUES (150, 'Propietario_150', NULL, NULL);
INSERT INTO contribuyentes (id_contribuyente, nombres, dni, telefono) VALUES (151, 'Propietario_151', NULL, NULL);
INSERT INTO contribuyentes (id_contribuyente, nombres, dni, telefono) VALUES (152, 'Propietario_152', NULL, NULL);
INSERT INTO contribuyentes (id_contribuyente, nombres, dni, telefono) VALUES (153, 'Propietario_153', NULL, NULL);
INSERT INTO contribuyentes (id_contribuyente, nombres, dni, telefono) VALUES (154, 'Propietario_154', NULL, NULL);
INSERT INTO contribuyentes (id_contribuyente, nombres, dni, telefono) VALUES (155, 'Propietario_155', NULL, NULL);
INSERT INTO contribuyentes (id_contribuyente, nombres, dni, telefono) VALUES (156, 'Propietario_156', NULL, NULL);
INSERT INTO contribuyentes (id_contribuyente, nombres, dni, telefono) VALUES (157, 'Propietario_157', NULL, NULL);
INSERT INTO contribuyentes (id_contribuyente, nombres, dni, telefono) VALUES (158, 'Propietario_158', NULL, NULL);
INSERT INTO contribuyentes (id_contribuyente, nombres, dni, telefono) VALUES (159, 'Propietario_159', NULL, NULL);
INSERT INTO contribuyentes (id_contribuyente, nombres, dni, telefono) VALUES (160, 'Propietario_160', NULL, NULL);
INSERT INTO contribuyentes (id_contribuyente, nombres, dni, telefono) VALUES (161, 'Propietario_161', NULL, NULL);
INSERT INTO contribuyentes (id_contribuyente, nombres, dni, telefono) VALUES (162, 'Propietario_162', NULL, NULL);
INSERT INTO contribuyentes (id_contribuyente, nombres, dni, telefono) VALUES (163, 'Propietario_163', NULL, NULL);
INSERT INTO contribuyentes (id_contribuyente, nombres, dni, telefono) VALUES (164, 'Propietario_164', NULL, NULL);
INSERT INTO contribuyentes (id_contribuyente, nombres, dni, telefono) VALUES (165, 'Propietario_165', NULL, NULL);
INSERT INTO contribuyentes (id_contribuyente, nombres, dni, telefono) VALUES (166, 'Propietario_166', NULL, NULL);
INSERT INTO contribuyentes (id_contribuyente, nombres, dni, telefono) VALUES (167, 'Propietario_167', NULL, NULL);
INSERT INTO contribuyentes (id_contribuyente, nombres, dni, telefono) VALUES (168, 'Propietario_168', NULL, NULL);
INSERT INTO contribuyentes (id_contribuyente, nombres, dni, telefono) VALUES (169, 'Propietario_169', NULL, NULL);
INSERT INTO contribuyentes (id_contribuyente, nombres, dni, telefono) VALUES (170, 'Propietario_170', NULL, NULL);
INSERT INTO contribuyentes (id_contribuyente, nombres, dni, telefono) VALUES (171, 'Propietario_171', NULL, NULL);
INSERT INTO contribuyentes (id_contribuyente, nombres, dni, telefono) VALUES (172, 'Propietario_172', NULL, NULL);
INSERT INTO contribuyentes (id_contribuyente, nombres, dni, telefono) VALUES (173, 'Propietario_173', NULL, NULL);
INSERT INTO contribuyentes (id_contribuyente, nombres, dni, telefono) VALUES (174, 'Propietario_174', NULL, NULL);
INSERT INTO contribuyentes (id_contribuyente, nombres, dni, telefono) VALUES (175, 'Propietario_175', NULL, NULL);
INSERT INTO contribuyentes (id_contribuyente, nombres, dni, telefono) VALUES (176, 'Propietario_176', NULL, NULL);
INSERT INTO contribuyentes (id_contribuyente, nombres, dni, telefono) VALUES (177, 'Propietario_177', NULL, NULL);
INSERT INTO contribuyentes (id_contribuyente, nombres, dni, telefono) VALUES (178, 'Propietario_178', NULL, NULL);
INSERT INTO contribuyentes (id_contribuyente, nombres, dni, telefono) VALUES (179, 'Propietario_179', NULL, NULL);
INSERT INTO contribuyentes (id_contribuyente, nombres, dni, telefono) VALUES (180, 'Propietario_180', NULL, NULL);
INSERT INTO contribuyentes (id_contribuyente, nombres, dni, telefono) VALUES (181, 'Propietario_181', NULL, NULL);
INSERT INTO contribuyentes (id_contribuyente, nombres, dni, telefono) VALUES (182, 'Propietario_182', NULL, NULL);
INSERT INTO contribuyentes (id_contribuyente, nombres, dni, telefono) VALUES (183, 'Propietario_183', NULL, NULL);
INSERT INTO contribuyentes (id_contribuyente, nombres, dni, telefono) VALUES (184, 'Propietario_184', NULL, NULL);
INSERT INTO contribuyentes (id_contribuyente, nombres, dni, telefono) VALUES (185, 'Propietario_185', NULL, NULL);
INSERT INTO contribuyentes (id_contribuyente, nombres, dni, telefono) VALUES (186, 'Propietario_186', NULL, NULL);
INSERT INTO contribuyentes (id_contribuyente, nombres, dni, telefono) VALUES (187, 'Propietario_187', NULL, NULL);
INSERT INTO contribuyentes (id_contribuyente, nombres, dni, telefono) VALUES (188, 'Propietario_188', NULL, NULL);
INSERT INTO contribuyentes (id_contribuyente, nombres, dni, telefono) VALUES (189, 'Propietario_189', NULL, NULL);
INSERT INTO contribuyentes (id_contribuyente, nombres, dni, telefono) VALUES (190, 'Propietario_190', NULL, NULL);
INSERT INTO contribuyentes (id_contribuyente, nombres, dni, telefono) VALUES (191, 'Propietario_191', NULL, NULL);
INSERT INTO contribuyentes (id_contribuyente, nombres, dni, telefono) VALUES (192, 'Propietario_192', NULL, NULL);
INSERT INTO contribuyentes (id_contribuyente, nombres, dni, telefono) VALUES (193, 'Propietario_193', NULL, NULL);
INSERT INTO contribuyentes (id_contribuyente, nombres, dni, telefono) VALUES (194, 'Propietario_194', NULL, NULL);
INSERT INTO contribuyentes (id_contribuyente, nombres, dni, telefono) VALUES (195, 'Propietario_195', NULL, NULL);
INSERT INTO contribuyentes (id_contribuyente, nombres, dni, telefono) VALUES (196, 'Propietario_196', NULL, NULL);
INSERT INTO contribuyentes (id_contribuyente, nombres, dni, telefono) VALUES (197, 'Propietario_197', NULL, NULL);
INSERT INTO contribuyentes (id_contribuyente, nombres, dni, telefono) VALUES (198, 'Propietario_198', NULL, NULL);
INSERT INTO contribuyentes (id_contribuyente, nombres, dni, telefono) VALUES (199, 'Propietario_199', NULL, NULL);
INSERT INTO contribuyentes (id_contribuyente, nombres, dni, telefono) VALUES (200, 'Propietario_200', NULL, NULL);
INSERT INTO contribuyentes (id_contribuyente, nombres, dni, telefono) VALUES (201, 'Propietario_201', NULL, NULL);
INSERT INTO contribuyentes (id_contribuyente, nombres, dni, telefono) VALUES (202, 'Propietario_202', NULL, NULL);
INSERT INTO contribuyentes (id_contribuyente, nombres, dni, telefono) VALUES (203, 'Propietario_203', NULL, NULL);
INSERT INTO contribuyentes (id_contribuyente, nombres, dni, telefono) VALUES (204, 'Propietario_204', NULL, NULL);
INSERT INTO contribuyentes (id_contribuyente, nombres, dni, telefono) VALUES (205, 'Propietario_205', NULL, NULL);
INSERT INTO contribuyentes (id_contribuyente, nombres, dni, telefono) VALUES (206, 'Propietario_206', NULL, NULL);
INSERT INTO contribuyentes (id_contribuyente, nombres, dni, telefono) VALUES (207, 'Propietario_207', NULL, NULL);
INSERT INTO contribuyentes (id_contribuyente, nombres, dni, telefono) VALUES (208, 'Propietario_208', NULL, NULL);
INSERT INTO contribuyentes (id_contribuyente, nombres, dni, telefono) VALUES (209, 'Propietario_209', NULL, NULL);
INSERT INTO contribuyentes (id_contribuyente, nombres, dni, telefono) VALUES (210, 'Propietario_210', NULL, NULL);
INSERT INTO contribuyentes (id_contribuyente, nombres, dni, telefono) VALUES (211, 'Propietario_211', NULL, NULL);
INSERT INTO contribuyentes (id_contribuyente, nombres, dni, telefono) VALUES (212, 'Propietario_212', NULL, NULL);
INSERT INTO contribuyentes (id_contribuyente, nombres, dni, telefono) VALUES (213, 'Propietario_213', NULL, NULL);
INSERT INTO contribuyentes (id_contribuyente, nombres, dni, telefono) VALUES (214, 'Propietario_214', NULL, NULL);
INSERT INTO contribuyentes (id_contribuyente, nombres, dni, telefono) VALUES (215, 'Propietario_215', NULL, NULL);
INSERT INTO contribuyentes (id_contribuyente, nombres, dni, telefono) VALUES (216, 'Propietario_216', NULL, NULL);
INSERT INTO contribuyentes (id_contribuyente, nombres, dni, telefono) VALUES (217, 'Propietario_217', NULL, NULL);
INSERT INTO contribuyentes (id_contribuyente, nombres, dni, telefono) VALUES (218, 'Propietario_218', NULL, NULL);
INSERT INTO contribuyentes (id_contribuyente, nombres, dni, telefono) VALUES (219, 'Propietario_219', NULL, NULL);
INSERT INTO contribuyentes (id_contribuyente, nombres, dni, telefono) VALUES (220, 'Propietario_220', NULL, NULL);

-- Total contribuyentes insertados: 220

-- Insertar predios y tributos
INSERT INTO predios (id_predio, codigo_catastral, geom, sector, tipo_vivienda, autovaluo, numero_vivienda)
  VALUES (1, 'HOG001', ST_SetSRID(ST_MakePoint(-69.97600078582765, -15.878544999088811), 4326), 'Jayllihuaya', 'Rústica', 59900.0, '1');
INSERT INTO tributos (id_predio, id_contribuyente, monto_impuesto, pago_impuesto, monto_arbitrios, pago_arbitrios, ingreso_familiar, cantidad_personas, nivel_educativo_jefe, servicios_basicos)
  VALUES (1, 1, 49.0, TRUE, 112.0, TRUE, 1198.0, 4, 'Superior técnica', 'Completo');
INSERT INTO predios (id_predio, codigo_catastral, geom, sector, tipo_vivienda, autovaluo, numero_vivienda)
  VALUES (2, 'HOG002', ST_SetSRID(ST_MakePoint(-69.97600078582765, -15.878544999088811), 4326), 'Jayllihuaya', 'Rústica', 66300.0, '3');
INSERT INTO tributos (id_predio, id_contribuyente, monto_impuesto, pago_impuesto, monto_arbitrios, pago_arbitrios, ingreso_familiar, cantidad_personas, nivel_educativo_jefe, servicios_basicos)
  VALUES (2, 2, 84.0, TRUE, 79.0, FALSE, 1326.0, 3, 'Superior universitaria', 'Completo');
INSERT INTO predios (id_predio, codigo_catastral, geom, sector, tipo_vivienda, autovaluo, numero_vivienda)
  VALUES (3, 'HOG003', ST_SetSRID(ST_MakePoint(-69.97666060924531, -15.878125931638799), 4326), 'Jayllihuaya', 'Material noble', 65100.0, '3');
INSERT INTO tributos (id_predio, id_contribuyente, monto_impuesto, pago_impuesto, monto_arbitrios, pago_arbitrios, ingreso_familiar, cantidad_personas, nivel_educativo_jefe, servicios_basicos)
  VALUES (3, 3, 141.0, TRUE, 101.0, TRUE, 1302.0, 3, 'Primaria', 'Completo');
INSERT INTO predios (id_predio, codigo_catastral, geom, sector, tipo_vivienda, autovaluo, numero_vivienda)
  VALUES (4, 'HOG004', ST_SetSRID(ST_MakePoint(-69.97666060924531, -15.878125931638799), 4326), 'Jayllihuaya', 'Material noble', 107950.0, '1');
INSERT INTO tributos (id_predio, id_contribuyente, monto_impuesto, pago_impuesto, monto_arbitrios, pago_arbitrios, ingreso_familiar, cantidad_personas, nivel_educativo_jefe, servicios_basicos)
  VALUES (4, 4, 125.0, TRUE, 95.0, FALSE, 2159.0, 3, 'Primaria', 'Completo');
INSERT INTO predios (id_predio, codigo_catastral, geom, sector, tipo_vivienda, autovaluo, numero_vivienda)
  VALUES (5, 'HOG005', ST_SetSRID(ST_MakePoint(-69.97573792934419, -15.87891537078806), 4326), 'Jayllihuaya', 'Material noble', 46350.0, '3');
INSERT INTO tributos (id_predio, id_contribuyente, monto_impuesto, pago_impuesto, monto_arbitrios, pago_arbitrios, ingreso_familiar, cantidad_personas, nivel_educativo_jefe, servicios_basicos)
  VALUES (5, 5, 112.0, FALSE, 89.0, FALSE, 927.0, 7, 'Primaria', 'Incompleto');
INSERT INTO predios (id_predio, codigo_catastral, geom, sector, tipo_vivienda, autovaluo, numero_vivienda)
  VALUES (6, 'HOG006', ST_SetSRID(ST_MakePoint(-69.97573792934419, -15.87891537078806), 4326), 'Jayllihuaya', 'Material noble', 56250.0, '1');
INSERT INTO tributos (id_predio, id_contribuyente, monto_impuesto, pago_impuesto, monto_arbitrios, pago_arbitrios, ingreso_familiar, cantidad_personas, nivel_educativo_jefe, servicios_basicos)
  VALUES (6, 6, 124.0, TRUE, 92.0, FALSE, 1125.0, 3, 'Secundaria', 'Completo');
INSERT INTO predios (id_predio, codigo_catastral, geom, sector, tipo_vivienda, autovaluo, numero_vivienda)
  VALUES (7, 'HOG007', ST_SetSRID(ST_MakePoint(-69.97521221637727, -15.879292030206877), 4326), 'Jayllihuaya', 'Rústica', 67800.0, '2');
INSERT INTO tributos (id_predio, id_contribuyente, monto_impuesto, pago_impuesto, monto_arbitrios, pago_arbitrios, ingreso_familiar, cantidad_personas, nivel_educativo_jefe, servicios_basicos)
  VALUES (7, 7, 75.0, FALSE, 47.0, TRUE, 1356.0, 6, 'Superior técnica', 'Incompleto');
INSERT INTO predios (id_predio, codigo_catastral, geom, sector, tipo_vivienda, autovaluo, numero_vivienda)
  VALUES (8, 'HOG008', ST_SetSRID(ST_MakePoint(-69.97521221637727, -15.879292030206877), 4326), 'Jayllihuaya', 'Rústica', 57200.0, '3');
INSERT INTO tributos (id_predio, id_contribuyente, monto_impuesto, pago_impuesto, monto_arbitrios, pago_arbitrios, ingreso_familiar, cantidad_personas, nivel_educativo_jefe, servicios_basicos)
  VALUES (8, 8, 58.0, FALSE, 25.0, TRUE, 1144.0, 3, 'Superior técnica', 'Completo');
INSERT INTO predios (id_predio, codigo_catastral, geom, sector, tipo_vivienda, autovaluo, numero_vivienda)
  VALUES (9, 'HOG009', ST_SetSRID(ST_MakePoint(-69.9749654531479, -15.879472620089379), 4326), 'Jayllihuaya', 'Rústica', 25000.0, '1');
INSERT INTO tributos (id_predio, id_contribuyente, monto_impuesto, pago_impuesto, monto_arbitrios, pago_arbitrios, ingreso_familiar, cantidad_personas, nivel_educativo_jefe, servicios_basicos)
  VALUES (9, 9, 81.0, TRUE, 122.0, TRUE, 500.0, 7, 'Superior técnica', 'Completo');
INSERT INTO predios (id_predio, codigo_catastral, geom, sector, tipo_vivienda, autovaluo, numero_vivienda)
  VALUES (10, 'HOG010', ST_SetSRID(ST_MakePoint(-69.9749654531479, -15.879472620089379), 4326), 'Jayllihuaya', 'Rústica', 116250.0, '1');
INSERT INTO tributos (id_predio, id_contribuyente, monto_impuesto, pago_impuesto, monto_arbitrios, pago_arbitrios, ingreso_familiar, cantidad_personas, nivel_educativo_jefe, servicios_basicos)
  VALUES (10, 10, 80.0, TRUE, 69.0, TRUE, 2325.0, 5, 'Superior universitaria', 'Completo');
INSERT INTO predios (id_predio, codigo_catastral, geom, sector, tipo_vivienda, autovaluo, numero_vivienda)
  VALUES (11, 'HOG011', ST_SetSRID(ST_MakePoint(-69.9744236469269, -15.87978736206899), 4326), 'Jayllihuaya', 'Rústica', 53200.0, '1');
INSERT INTO tributos (id_predio, id_contribuyente, monto_impuesto, pago_impuesto, monto_arbitrios, pago_arbitrios, ingreso_familiar, cantidad_personas, nivel_educativo_jefe, servicios_basicos)
  VALUES (11, 11, 28.0, TRUE, 50.0, FALSE, 1064.0, 4, 'Superior técnica', 'Completo');
INSERT INTO predios (id_predio, codigo_catastral, geom, sector, tipo_vivienda, autovaluo, numero_vivienda)
  VALUES (12, 'HOG012', ST_SetSRID(ST_MakePoint(-69.9744236469269, -15.87978736206899), 4326), 'Jayllihuaya', 'Rústica', 63800.0, '4');
INSERT INTO tributos (id_predio, id_contribuyente, monto_impuesto, pago_impuesto, monto_arbitrios, pago_arbitrios, ingreso_familiar, cantidad_personas, nivel_educativo_jefe, servicios_basicos)
  VALUES (12, 12, 67.0, FALSE, 102.0, FALSE, 1276.0, 2, 'Primaria', 'Completo');
INSERT INTO predios (id_predio, codigo_catastral, geom, sector, tipo_vivienda, autovaluo, numero_vivienda)
  VALUES (13, 'HOG013', ST_SetSRID(ST_MakePoint(-69.9741017818451, -15.879998909680543), 4326), 'Jayllihuaya', 'Material noble', 36000.0, '5');
INSERT INTO tributos (id_predio, id_contribuyente, monto_impuesto, pago_impuesto, monto_arbitrios, pago_arbitrios, ingreso_familiar, cantidad_personas, nivel_educativo_jefe, servicios_basicos)
  VALUES (13, 13, 128.0, TRUE, 109.0, TRUE, 720.0, 8, 'Superior universitaria', 'Completo');
INSERT INTO predios (id_predio, codigo_catastral, geom, sector, tipo_vivienda, autovaluo, numero_vivienda)
  VALUES (14, 'HOG014', ST_SetSRID(ST_MakePoint(-69.9741017818451, -15.879998909680543), 4326), 'Jayllihuaya', 'Rústica', 69900.0, '2');
INSERT INTO tributos (id_predio, id_contribuyente, monto_impuesto, pago_impuesto, monto_arbitrios, pago_arbitrios, ingreso_familiar, cantidad_personas, nivel_educativo_jefe, servicios_basicos)
  VALUES (14, 14, 50.0, TRUE, 91.0, TRUE, 1398.0, 6, 'Secundaria', 'Completo');
INSERT INTO predios (id_predio, codigo_catastral, geom, sector, tipo_vivienda, autovaluo, numero_vivienda)
  VALUES (15, 'HOG015', ST_SetSRID(ST_MakePoint(-69.97435927391054, -15.88007630509266), 4326), 'Jayllihuaya', 'Material noble', 55200.0, '3');
INSERT INTO tributos (id_predio, id_contribuyente, monto_impuesto, pago_impuesto, monto_arbitrios, pago_arbitrios, ingreso_familiar, cantidad_personas, nivel_educativo_jefe, servicios_basicos)
  VALUES (15, 15, 114.0, TRUE, 117.0, TRUE, 1104.0, 7, 'Primaria', 'Completo');
INSERT INTO predios (id_predio, codigo_catastral, geom, sector, tipo_vivienda, autovaluo, numero_vivienda)
  VALUES (16, 'HOG016', ST_SetSRID(ST_MakePoint(-69.97435927391054, -15.88007630509266), 4326), 'Jayllihuaya', 'Material noble', 44750.0, '1');
INSERT INTO tributos (id_predio, id_contribuyente, monto_impuesto, pago_impuesto, monto_arbitrios, pago_arbitrios, ingreso_familiar, cantidad_personas, nivel_educativo_jefe, servicios_basicos)
  VALUES (16, 16, 155.0, TRUE, 75.0, TRUE, 895.0, 8, 'Primaria', 'Completo');
INSERT INTO predios (id_predio, codigo_catastral, geom, sector, tipo_vivienda, autovaluo, numero_vivienda)
  VALUES (17, 'HOG017', ST_SetSRID(ST_MakePoint(-69.97463285923006, -15.879952472418989), 4326), 'Jayllihuaya', 'Rústica', 72750.0, '1');
INSERT INTO tributos (id_predio, id_contribuyente, monto_impuesto, pago_impuesto, monto_arbitrios, pago_arbitrios, ingreso_familiar, cantidad_personas, nivel_educativo_jefe, servicios_basicos)
  VALUES (17, 17, 40.0, TRUE, 117.0, FALSE, 1455.0, 4, 'Secundaria', 'Completo');
INSERT INTO predios (id_predio, codigo_catastral, geom, sector, tipo_vivienda, autovaluo, numero_vivienda)
  VALUES (18, 'HOG018', ST_SetSRID(ST_MakePoint(-69.97463285923006, -15.879952472418989), 4326), 'Jayllihuaya', 'Rústica', 30200.0, '1');
INSERT INTO tributos (id_predio, id_contribuyente, monto_impuesto, pago_impuesto, monto_arbitrios, pago_arbitrios, ingreso_familiar, cantidad_personas, nivel_educativo_jefe, servicios_basicos)
  VALUES (18, 18, 64.0, FALSE, 97.0, TRUE, 604.0, 6, 'Superior técnica', 'Completo');
INSERT INTO predios (id_predio, codigo_catastral, geom, sector, tipo_vivienda, autovaluo, numero_vivienda)
  VALUES (19, 'HOG019', ST_SetSRID(ST_MakePoint(-69.97514247894289, -15.879601612763455), 4326), 'Jayllihuaya', 'Rústica', 73900.0, '3');
INSERT INTO tributos (id_predio, id_contribuyente, monto_impuesto, pago_impuesto, monto_arbitrios, pago_arbitrios, ingreso_familiar, cantidad_personas, nivel_educativo_jefe, servicios_basicos)
  VALUES (19, 19, 50.0, TRUE, 86.0, TRUE, 1478.0, 6, 'Superior universitaria', 'Completo');
INSERT INTO predios (id_predio, codigo_catastral, geom, sector, tipo_vivienda, autovaluo, numero_vivienda)
  VALUES (20, 'HOG020', ST_SetSRID(ST_MakePoint(-69.97514247894289, -15.879601612763455), 4326), 'Jayllihuaya', 'Rústica', 62150.0, '2');
INSERT INTO tributos (id_predio, id_contribuyente, monto_impuesto, pago_impuesto, monto_arbitrios, pago_arbitrios, ingreso_familiar, cantidad_personas, nivel_educativo_jefe, servicios_basicos)
  VALUES (20, 20, 60.0, TRUE, 115.0, FALSE, 1243.0, 7, 'Superior técnica', 'Completo');
INSERT INTO predios (id_predio, codigo_catastral, geom, sector, tipo_vivienda, autovaluo, numero_vivienda)
  VALUES (21, 'HOG021', ST_SetSRID(ST_MakePoint(-69.97593104839326, -15.879059842977188), 4326), 'Jayllihuaya', 'Rústica', 102300.0, '4');
INSERT INTO tributos (id_predio, id_contribuyente, monto_impuesto, pago_impuesto, monto_arbitrios, pago_arbitrios, ingreso_familiar, cantidad_personas, nivel_educativo_jefe, servicios_basicos)
  VALUES (21, 21, 70.0, FALSE, 35.0, TRUE, 2046.0, 7, 'Superior técnica', 'Incompleto');
INSERT INTO predios (id_predio, codigo_catastral, geom, sector, tipo_vivienda, autovaluo, numero_vivienda)
  VALUES (22, 'HOG022', ST_SetSRID(ST_MakePoint(-69.97555553913118, -15.879317828771446), 4326), 'Jayllihuaya', 'Rústica', 72800.0, '2');
INSERT INTO tributos (id_predio, id_contribuyente, monto_impuesto, pago_impuesto, monto_arbitrios, pago_arbitrios, ingreso_familiar, cantidad_personas, nivel_educativo_jefe, servicios_basicos)
  VALUES (22, 22, 58.0, TRUE, 118.0, TRUE, 1456.0, 5, 'Superior universitaria', 'Completo');
INSERT INTO predios (id_predio, codigo_catastral, geom, sector, tipo_vivienda, autovaluo, numero_vivienda)
  VALUES (23, 'HOG023', ST_SetSRID(ST_MakePoint(-69.97555553913118, -15.879317828771446), 4326), 'Jayllihuaya', 'Rústica', 50000.0, '3');
INSERT INTO tributos (id_predio, id_contribuyente, monto_impuesto, pago_impuesto, monto_arbitrios, pago_arbitrios, ingreso_familiar, cantidad_personas, nivel_educativo_jefe, servicios_basicos)
  VALUES (23, 23, 29.0, FALSE, 79.0, TRUE, 1000.0, 3, 'Primaria', 'Incompleto');
INSERT INTO predios (id_predio, codigo_catastral, geom, sector, tipo_vivienda, autovaluo, numero_vivienda)
  VALUES (24, 'HOG024', ST_SetSRID(ST_MakePoint(-69.97650504112245, -15.8785541898619), 4326), 'Jayllihuaya', 'Rústica', 94150.0, '1');
INSERT INTO tributos (id_predio, id_contribuyente, monto_impuesto, pago_impuesto, monto_arbitrios, pago_arbitrios, ingreso_familiar, cantidad_personas, nivel_educativo_jefe, servicios_basicos)
  VALUES (24, 24, 26.0, FALSE, 110.0, TRUE, 1883.0, 5, 'Secundaria', 'Completo');
INSERT INTO predios (id_predio, codigo_catastral, geom, sector, tipo_vivienda, autovaluo, numero_vivienda)
  VALUES (25, 'HOG025', ST_SetSRID(ST_MakePoint(-69.97696101665498, -15.878156890095088), 4326), 'Jayllihuaya', 'Material noble', 66650.0, '2');
INSERT INTO tributos (id_predio, id_contribuyente, monto_impuesto, pago_impuesto, monto_arbitrios, pago_arbitrios, ingreso_familiar, cantidad_personas, nivel_educativo_jefe, servicios_basicos)
  VALUES (25, 25, 98.0, FALSE, 68.0, TRUE, 1333.0, 4, 'Primaria', 'Sin servicio');
INSERT INTO predios (id_predio, codigo_catastral, geom, sector, tipo_vivienda, autovaluo, numero_vivienda)
  VALUES (26, 'HOG026', ST_SetSRID(ST_MakePoint(-69.97696101665498, -15.878156890095088), 4326), 'Jayllihuaya', 'Material noble', 69850.0, '3');
INSERT INTO tributos (id_predio, id_contribuyente, monto_impuesto, pago_impuesto, monto_arbitrios, pago_arbitrios, ingreso_familiar, cantidad_personas, nivel_educativo_jefe, servicios_basicos)
  VALUES (26, 26, 70.0, TRUE, 94.0, TRUE, 1397.0, 4, 'Secundaria', 'Completo');
INSERT INTO predios (id_predio, codigo_catastral, geom, sector, tipo_vivienda, autovaluo, numero_vivienda)
  VALUES (27, 'HOG027', ST_SetSRID(ST_MakePoint(-69.9756842851639, -15.87777506880154), 4326), 'Jayllihuaya', 'Rústica', 77550.0, '2');
INSERT INTO tributos (id_predio, id_contribuyente, monto_impuesto, pago_impuesto, monto_arbitrios, pago_arbitrios, ingreso_familiar, cantidad_personas, nivel_educativo_jefe, servicios_basicos)
  VALUES (27, 27, 68.0, FALSE, 48.0, TRUE, 1551.0, 4, 'Secundaria', 'Completo');
INSERT INTO predios (id_predio, codigo_catastral, geom, sector, tipo_vivienda, autovaluo, numero_vivienda)
  VALUES (28, 'HOG028', ST_SetSRID(ST_MakePoint(-69.97614562511446, -15.87740356630775), 4326), 'Jayllihuaya', 'Material noble', 51100.0, '2');
INSERT INTO tributos (id_predio, id_contribuyente, monto_impuesto, pago_impuesto, monto_arbitrios, pago_arbitrios, ingreso_familiar, cantidad_personas, nivel_educativo_jefe, servicios_basicos)
  VALUES (28, 28, 105.0, TRUE, 43.0, TRUE, 1022.0, 5, 'Secundaria', 'Incompleto');
INSERT INTO predios (id_predio, codigo_catastral, geom, sector, tipo_vivienda, autovaluo, numero_vivienda)
  VALUES (29, 'HOG029', ST_SetSRID(ST_MakePoint(-69.97655332088472, -15.87706818152348), 4326), 'Jayllihuaya', 'Rústica', 87100.0, '1');
INSERT INTO tributos (id_predio, id_contribuyente, monto_impuesto, pago_impuesto, monto_arbitrios, pago_arbitrios, ingreso_familiar, cantidad_personas, nivel_educativo_jefe, servicios_basicos)
  VALUES (29, 29, 44.0, FALSE, 120.0, TRUE, 1742.0, 3, 'Secundaria', 'Completo');
INSERT INTO predios (id_predio, codigo_catastral, geom, sector, tipo_vivienda, autovaluo, numero_vivienda)
  VALUES (30, 'HOG030', ST_SetSRID(ST_MakePoint(-69.97655332088472, -15.87706818152348), 4326), 'Jayllihuaya', 'Material noble', 86150.0, '2');
INSERT INTO tributos (id_predio, id_contribuyente, monto_impuesto, pago_impuesto, monto_arbitrios, pago_arbitrios, ingreso_familiar, cantidad_personas, nivel_educativo_jefe, servicios_basicos)
  VALUES (30, 30, 137.0, FALSE, 66.0, TRUE, 1723.0, 7, 'Primaria', 'Incompleto');
INSERT INTO predios (id_predio, codigo_catastral, geom, sector, tipo_vivienda, autovaluo, numero_vivienda)
  VALUES (31, 'HOG031', ST_SetSRID(ST_MakePoint(-69.97713804244997, -15.877749270039383), 4326), 'Jayllihuaya', 'Material noble', 49200.0, '1');
INSERT INTO tributos (id_predio, id_contribuyente, monto_impuesto, pago_impuesto, monto_arbitrios, pago_arbitrios, ingreso_familiar, cantidad_personas, nivel_educativo_jefe, servicios_basicos)
  VALUES (31, 31, 152.0, TRUE, 101.0, TRUE, 984.0, 4, 'Primaria', 'Incompleto');
INSERT INTO predios (id_predio, codigo_catastral, geom, sector, tipo_vivienda, autovaluo, numero_vivienda)
  VALUES (32, 'HOG032', ST_SetSRID(ST_MakePoint(-69.97713804244997, -15.877749270039383), 4326), 'Jayllihuaya', 'Rústica', 72550.0, '2');
INSERT INTO tributos (id_predio, id_contribuyente, monto_impuesto, pago_impuesto, monto_arbitrios, pago_arbitrios, ingreso_familiar, cantidad_personas, nivel_educativo_jefe, servicios_basicos)
  VALUES (32, 32, 64.0, TRUE, 112.0, FALSE, 1451.0, 4, 'Superior técnica', 'Completo');
INSERT INTO predios (id_predio, codigo_catastral, geom, sector, tipo_vivienda, autovaluo, numero_vivienda)
  VALUES (33, 'HOG033', ST_SetSRID(ST_MakePoint(-69.9781519174576, -15.876954666546958), 4326), 'Jayllihuaya', 'Rústica', 70500.0, '1');
INSERT INTO tributos (id_predio, id_contribuyente, monto_impuesto, pago_impuesto, monto_arbitrios, pago_arbitrios, ingreso_familiar, cantidad_personas, nivel_educativo_jefe, servicios_basicos)
  VALUES (33, 33, 61.0, FALSE, 10.0, TRUE, 1410.0, 5, 'Secundaria', 'Incompleto');
INSERT INTO predios (id_predio, codigo_catastral, geom, sector, tipo_vivienda, autovaluo, numero_vivienda)
  VALUES (34, 'HOG034', ST_SetSRID(ST_MakePoint(-69.9781519174576, -15.876954666546958), 4326), 'Jayllihuaya', 'Rústica', 76750.0, '1');
INSERT INTO tributos (id_predio, id_contribuyente, monto_impuesto, pago_impuesto, monto_arbitrios, pago_arbitrios, ingreso_familiar, cantidad_personas, nivel_educativo_jefe, servicios_basicos)
  VALUES (34, 34, 63.0, FALSE, 86.0, TRUE, 1535.0, 7, 'Superior técnica', 'Completo');
INSERT INTO predios (id_predio, codigo_catastral, geom, sector, tipo_vivienda, autovaluo, numero_vivienda)
  VALUES (35, 'HOG035', ST_SetSRID(ST_MakePoint(-69.97831821441652, -15.877124938987773), 4326), 'Jayllihuaya', 'Material noble', 67650.0, '1');
INSERT INTO tributos (id_predio, id_contribuyente, monto_impuesto, pago_impuesto, monto_arbitrios, pago_arbitrios, ingreso_familiar, cantidad_personas, nivel_educativo_jefe, servicios_basicos)
  VALUES (35, 35, 91.0, TRUE, 63.0, FALSE, 1353.0, 4, 'Superior técnica', 'Incompleto');
INSERT INTO predios (id_predio, codigo_catastral, geom, sector, tipo_vivienda, autovaluo, numero_vivienda)
  VALUES (36, 'HOG036', ST_SetSRID(ST_MakePoint(-69.97831821441652, -15.877124938987773), 4326), 'Jayllihuaya', 'Material noble', 95150.0, '1');
INSERT INTO tributos (id_predio, id_contribuyente, monto_impuesto, pago_impuesto, monto_arbitrios, pago_arbitrios, ingreso_familiar, cantidad_personas, nivel_educativo_jefe, servicios_basicos)
  VALUES (36, 36, 114.0, TRUE, 86.0, FALSE, 1903.0, 5, 'Secundaria', 'Completo');
INSERT INTO predios (id_predio, codigo_catastral, geom, sector, tipo_vivienda, autovaluo, numero_vivienda)
  VALUES (37, 'HOG037', ST_SetSRID(ST_MakePoint(-69.97925698757173, -15.876314853664729), 4326), 'Jayllihuaya', 'Rústica', 135150.0, '1');
INSERT INTO tributos (id_predio, id_contribuyente, monto_impuesto, pago_impuesto, monto_arbitrios, pago_arbitrios, ingreso_familiar, cantidad_personas, nivel_educativo_jefe, servicios_basicos)
  VALUES (37, 37, 86.0, FALSE, 14.0, TRUE, 2703.0, 2, 'Primaria', 'Sin servicio');
INSERT INTO predios (id_predio, codigo_catastral, geom, sector, tipo_vivienda, autovaluo, numero_vivienda)
  VALUES (38, 'HOG038', ST_SetSRID(ST_MakePoint(-69.97962176799776, -15.87601558565132), 4326), 'Jayllihuaya', 'Material noble', 89100.0, '1');
INSERT INTO tributos (id_predio, id_contribuyente, monto_impuesto, pago_impuesto, monto_arbitrios, pago_arbitrios, ingreso_familiar, cantidad_personas, nivel_educativo_jefe, servicios_basicos)
  VALUES (38, 38, 102.0, FALSE, 76.0, FALSE, 1782.0, 4, 'Primaria', 'Completo');
INSERT INTO predios (id_predio, codigo_catastral, geom, sector, tipo_vivienda, autovaluo, numero_vivienda)
  VALUES (39, 'HOG039', ST_SetSRID(ST_MakePoint(-69.97962176799776, -15.87601558565132), 4326), 'Jayllihuaya', 'Material noble', 114200.0, '1');
INSERT INTO tributos (id_predio, id_contribuyente, monto_impuesto, pago_impuesto, monto_arbitrios, pago_arbitrios, ingreso_familiar, cantidad_personas, nivel_educativo_jefe, servicios_basicos)
  VALUES (39, 39, 138.0, FALSE, 79.0, TRUE, 2284.0, 3, 'Secundaria', 'Completo');
INSERT INTO predios (id_predio, codigo_catastral, geom, sector, tipo_vivienda, autovaluo, numero_vivienda)
  VALUES (40, 'HOG040', ST_SetSRID(ST_MakePoint(-69.97911751270296, -15.875401568852752), 4326), 'Jayllihuaya', 'Material noble', 50350.0, '1');
INSERT INTO tributos (id_predio, id_contribuyente, monto_impuesto, pago_impuesto, monto_arbitrios, pago_arbitrios, ingreso_familiar, cantidad_personas, nivel_educativo_jefe, servicios_basicos)
  VALUES (40, 40, 107.0, FALSE, 93.0, FALSE, 1007.0, 4, 'Primaria', 'Completo');
INSERT INTO predios (id_predio, codigo_catastral, geom, sector, tipo_vivienda, autovaluo, numero_vivienda)
  VALUES (41, 'HOG041', ST_SetSRID(ST_MakePoint(-69.97911751270296, -15.875201060487864), 4326), 'Jayllihuaya', 'Rústica', 111850.0, '1');
INSERT INTO tributos (id_predio, id_contribuyente, monto_impuesto, pago_impuesto, monto_arbitrios, pago_arbitrios, ingreso_familiar, cantidad_personas, nivel_educativo_jefe, servicios_basicos)
  VALUES (41, 41, 79.0, TRUE, 107.0, FALSE, 2237.0, 5, 'Superior técnica', 'Completo');
INSERT INTO predios (id_predio, codigo_catastral, geom, sector, tipo_vivienda, autovaluo, numero_vivienda)
  VALUES (42, 'HOG042', ST_SetSRID(ST_MakePoint(-69.97961640357973, -15.875773075038516), 4326), 'Jayllihuaya', 'Material noble', 28800.0, '1');
INSERT INTO tributos (id_predio, id_contribuyente, monto_impuesto, pago_impuesto, monto_arbitrios, pago_arbitrios, ingreso_familiar, cantidad_personas, nivel_educativo_jefe, servicios_basicos)
  VALUES (42, 42, 105.0, FALSE, 83.0, TRUE, 576.0, 3, 'Secundaria', 'Completo');
INSERT INTO predios (id_predio, codigo_catastral, geom, sector, tipo_vivienda, autovaluo, numero_vivienda)
  VALUES (43, 'HOG043', ST_SetSRID(ST_MakePoint(-69.97962176799776, -15.875773075038516), 4326), 'Jayllihuaya', 'Rústica', 76650.0, '1');
INSERT INTO tributos (id_predio, id_contribuyente, monto_impuesto, pago_impuesto, monto_arbitrios, pago_arbitrios, ingreso_familiar, cantidad_personas, nivel_educativo_jefe, servicios_basicos)
  VALUES (43, 43, 37.0, FALSE, 140.0, FALSE, 1533.0, 7, 'Superior técnica', 'Completo');
INSERT INTO predios (id_predio, codigo_catastral, geom, sector, tipo_vivienda, autovaluo, numero_vivienda)
  VALUES (44, 'HOG044', ST_SetSRID(ST_MakePoint(-69.98012602329256, -15.875401568852752), 4326), 'Jayllihuaya', 'Rústica', 95050.0, '4');
INSERT INTO tributos (id_predio, id_contribuyente, monto_impuesto, pago_impuesto, monto_arbitrios, pago_arbitrios, ingreso_familiar, cantidad_personas, nivel_educativo_jefe, servicios_basicos)
  VALUES (44, 44, 44.0, TRUE, 90.0, TRUE, 1901.0, 4, 'Secundaria', 'Completo');
INSERT INTO predios (id_predio, codigo_catastral, geom, sector, tipo_vivienda, autovaluo, numero_vivienda)
  VALUES (45, 'HOG045', ST_SetSRID(ST_MakePoint(-69.97887074947359, -15.875577002414724), 4326), 'Jayllihuaya', 'Rústica', 111350.0, '1');
INSERT INTO tributos (id_predio, id_contribuyente, monto_impuesto, pago_impuesto, monto_arbitrios, pago_arbitrios, ingreso_familiar, cantidad_personas, nivel_educativo_jefe, servicios_basicos)
  VALUES (45, 45, 46.0, TRUE, 51.0, TRUE, 2227.0, 5, 'Primaria', 'Sin servicio');
INSERT INTO predios (id_predio, codigo_catastral, geom, sector, tipo_vivienda, autovaluo, numero_vivienda)
  VALUES (46, 'HOG046', ST_SetSRID(ST_MakePoint(-69.97970759868623, -15.874942344981884), 4326), 'Jayllihuaya', 'Rústica', 113000.0, '4');
INSERT INTO tributos (id_predio, id_contribuyente, monto_impuesto, pago_impuesto, monto_arbitrios, pago_arbitrios, ingreso_familiar, cantidad_personas, nivel_educativo_jefe, servicios_basicos)
  VALUES (46, 46, 76.0, FALSE, 108.0, TRUE, 2260.0, 3, 'Primaria', 'Completo');
INSERT INTO predios (id_predio, codigo_catastral, geom, sector, tipo_vivienda, autovaluo, numero_vivienda)
  VALUES (47, 'HOG047', ST_SetSRID(ST_MakePoint(-69.98027622699739, -15.875587322031262), 4326), 'Jayllihuaya', 'Rústica', 82500.0, '2');
INSERT INTO tributos (id_predio, id_contribuyente, monto_impuesto, pago_impuesto, monto_arbitrios, pago_arbitrios, ingreso_familiar, cantidad_personas, nivel_educativo_jefe, servicios_basicos)
  VALUES (47, 47, 56.0, FALSE, 36.0, FALSE, 1650.0, 7, 'Primaria', 'Incompleto');
INSERT INTO predios (id_predio, codigo_catastral, geom, sector, tipo_vivienda, autovaluo, numero_vivienda)
  VALUES (48, 'HOG048', ST_SetSRID(ST_MakePoint(-69.98005092144014, -15.876196178471229), 4326), 'Jayllihuaya', 'Material noble', 73850.0, '2');
INSERT INTO tributos (id_predio, id_contribuyente, monto_impuesto, pago_impuesto, monto_arbitrios, pago_arbitrios, ingreso_familiar, cantidad_personas, nivel_educativo_jefe, servicios_basicos)
  VALUES (48, 48, 161.0, FALSE, 102.0, TRUE, 1477.0, 4, 'Secundaria', 'Completo');
INSERT INTO predios (id_predio, codigo_catastral, geom, sector, tipo_vivienda, autovaluo, numero_vivienda)
  VALUES (49, 'HOG049', ST_SetSRID(ST_MakePoint(-69.98050153255464, -15.875860791676848), 4326), 'Jayllihuaya', 'Rústica', 62750.0, '2');
INSERT INTO tributos (id_predio, id_contribuyente, monto_impuesto, pago_impuesto, monto_arbitrios, pago_arbitrios, ingreso_familiar, cantidad_personas, nivel_educativo_jefe, servicios_basicos)
  VALUES (49, 49, 55.0, TRUE, 68.0, FALSE, 1255.0, 4, 'Primaria', 'Completo');
INSERT INTO predios (id_predio, codigo_catastral, geom, sector, tipo_vivienda, autovaluo, numero_vivienda)
  VALUES (50, 'HOG050', ST_SetSRID(ST_MakePoint(-69.97943401336671, -15.87667716730801), 4326), 'Jayllihuaya', 'Rústica', 98900.0, '1');
INSERT INTO tributos (id_predio, id_contribuyente, monto_impuesto, pago_impuesto, monto_arbitrios, pago_arbitrios, ingreso_familiar, cantidad_personas, nivel_educativo_jefe, servicios_basicos)
  VALUES (50, 50, 49.0, TRUE, 94.0, TRUE, 1978.0, 5, 'Secundaria', 'Completo');
INSERT INTO predios (id_predio, codigo_catastral, geom, sector, tipo_vivienda, autovaluo, numero_vivienda)
  VALUES (51, 'HOG051', ST_SetSRID(ST_MakePoint(-69.97499227523805, -15.878280723872704), 4326), 'Jayllihuaya', 'Rústica', 96550.0, '2');
INSERT INTO tributos (id_predio, id_contribuyente, monto_impuesto, pago_impuesto, monto_arbitrios, pago_arbitrios, ingreso_familiar, cantidad_personas, nivel_educativo_jefe, servicios_basicos)
  VALUES (51, 51, 84.0, FALSE, 143.0, FALSE, 1931.0, 5, 'Secundaria', 'Completo');
INSERT INTO predios (id_predio, codigo_catastral, geom, sector, tipo_vivienda, autovaluo, numero_vivienda)
  VALUES (52, 'HOG052', ST_SetSRID(ST_MakePoint(-69.97460067272188, -15.878693502581571), 4326), 'Jayllihuaya', 'Material noble', 131550.0, '1');
INSERT INTO tributos (id_predio, id_contribuyente, monto_impuesto, pago_impuesto, monto_arbitrios, pago_arbitrios, ingreso_familiar, cantidad_personas, nivel_educativo_jefe, servicios_basicos)
  VALUES (52, 52, 153.0, TRUE, 40.0, TRUE, 2631.0, 7, 'Primaria', 'Incompleto');
INSERT INTO predios (id_predio, codigo_catastral, geom, sector, tipo_vivienda, autovaluo, numero_vivienda)
  VALUES (53, 'HOG053', ST_SetSRID(ST_MakePoint(-69.97479379177095, -15.878528391199534), 4326), 'Jayllihuaya', 'Material noble', 120350.0, '5');
INSERT INTO tributos (id_predio, id_contribuyente, monto_impuesto, pago_impuesto, monto_arbitrios, pago_arbitrios, ingreso_familiar, cantidad_personas, nivel_educativo_jefe, servicios_basicos)
  VALUES (53, 53, 109.0, TRUE, 117.0, TRUE, 2407.0, 5, 'Secundaria', 'Completo');
INSERT INTO predios (id_predio, codigo_catastral, geom, sector, tipo_vivienda, autovaluo, numero_vivienda)
  VALUES (54, 'HOG054', ST_SetSRID(ST_MakePoint(-69.97524976730348, -15.87821364725261), 4326), 'Jayllihuaya', 'Rústica', 79850.0, '1');
INSERT INTO tributos (id_predio, id_contribuyente, monto_impuesto, pago_impuesto, monto_arbitrios, pago_arbitrios, ingreso_familiar, cantidad_personas, nivel_educativo_jefe, servicios_basicos)
  VALUES (54, 54, 59.0, FALSE, 125.0, TRUE, 1597.0, 5, 'Secundaria', 'Completo');
INSERT INTO predios (id_predio, codigo_catastral, geom, sector, tipo_vivienda, autovaluo, numero_vivienda)
  VALUES (55, 'HOG055', ST_SetSRID(ST_MakePoint(-69.97600078582765, -15.878043375732068), 4326), 'Jayllihuaya', 'Rústica', 55100.0, '3');
INSERT INTO tributos (id_predio, id_contribuyente, monto_impuesto, pago_impuesto, monto_arbitrios, pago_arbitrios, ingreso_familiar, cantidad_personas, nivel_educativo_jefe, servicios_basicos)
  VALUES (55, 55, 94.0, TRUE, 92.0, TRUE, 1102.0, 6, 'Superior técnica', 'Completo');
INSERT INTO predios (id_predio, codigo_catastral, geom, sector, tipo_vivienda, autovaluo, numero_vivienda)
  VALUES (56, 'HOG056', ST_SetSRID(ST_MakePoint(-69.97549653053285, -15.877640915202255), 4326), 'Jayllihuaya', 'Material noble', 44950.0, '5');
INSERT INTO tributos (id_predio, id_contribuyente, monto_impuesto, pago_impuesto, monto_arbitrios, pago_arbitrios, ingreso_familiar, cantidad_personas, nivel_educativo_jefe, servicios_basicos)
  VALUES (56, 56, 178.0, FALSE, 71.0, TRUE, 899.0, 5, 'Superior técnica', 'Sin servicio');
INSERT INTO predios (id_predio, codigo_catastral, geom, sector, tipo_vivienda, autovaluo, numero_vivienda)
  VALUES (57, 'HOG057', ST_SetSRID(ST_MakePoint(-69.97567892074586, -15.87749128223612), 4326), 'Jayllihuaya', 'Rústica', 78500.0, '1');
INSERT INTO tributos (id_predio, id_contribuyente, monto_impuesto, pago_impuesto, monto_arbitrios, pago_arbitrios, ingreso_familiar, cantidad_personas, nivel_educativo_jefe, servicios_basicos)
  VALUES (57, 57, 58.0, FALSE, 150.0, FALSE, 1570.0, 2, 'Superior técnica', 'Completo');
INSERT INTO predios (id_predio, codigo_catastral, geom, sector, tipo_vivienda, autovaluo, numero_vivienda)
  VALUES (58, 'HOG058', ST_SetSRID(ST_MakePoint(-69.97614562511446, -15.877119779218951), 4326), 'Jayllihuaya', 'Material noble', 74100.0, '5');
INSERT INTO tributos (id_predio, id_contribuyente, monto_impuesto, pago_impuesto, monto_arbitrios, pago_arbitrios, ingreso_familiar, cantidad_personas, nivel_educativo_jefe, servicios_basicos)
  VALUES (58, 58, 101.0, TRUE, 97.0, TRUE, 1482.0, 5, 'Secundaria', 'Completo');
INSERT INTO predios (id_predio, codigo_catastral, geom, sector, tipo_vivienda, autovaluo, numero_vivienda)
  VALUES (59, 'HOG059', ST_SetSRID(ST_MakePoint(-69.9763709306717, -15.876970145865704), 4326), 'Jayllihuaya', 'Rústica', 67300.0, '3');
INSERT INTO tributos (id_predio, id_contribuyente, monto_impuesto, pago_impuesto, monto_arbitrios, pago_arbitrios, ingreso_familiar, cantidad_personas, nivel_educativo_jefe, servicios_basicos)
  VALUES (59, 59, 60.0, TRUE, 44.0, FALSE, 1346.0, 5, 'Superior técnica', 'Sin servicio');
INSERT INTO predios (id_predio, codigo_catastral, geom, sector, tipo_vivienda, autovaluo, numero_vivienda)
  VALUES (60, 'HOG060', ST_SetSRID(ST_MakePoint(-69.97536778450014, -15.879534536583245), 4326), 'Jayllihuaya', 'Material noble', 54150.0, '1');
INSERT INTO tributos (id_predio, id_contribuyente, monto_impuesto, pago_impuesto, monto_arbitrios, pago_arbitrios, ingreso_familiar, cantidad_personas, nivel_educativo_jefe, servicios_basicos)
  VALUES (60, 60, 120.0, TRUE, 83.0, TRUE, 1083.0, 4, 'Primaria', 'Completo');
INSERT INTO predios (id_predio, codigo_catastral, geom, sector, tipo_vivienda, autovaluo, numero_vivienda)
  VALUES (61, 'HOG061', ST_SetSRID(ST_MakePoint(-69.97470259666444, -15.879606772468707), 4326), 'Jayllihuaya', 'Material noble', 56850.0, '1');
INSERT INTO tributos (id_predio, id_contribuyente, monto_impuesto, pago_impuesto, monto_arbitrios, pago_arbitrios, ingreso_familiar, cantidad_personas, nivel_educativo_jefe, servicios_basicos)
  VALUES (61, 61, 110.0, FALSE, 51.0, TRUE, 1137.0, 4, 'Secundaria', 'Sin servicio');
INSERT INTO predios (id_predio, codigo_catastral, geom, sector, tipo_vivienda, autovaluo, numero_vivienda)
  VALUES (62, 'HOG062', ST_SetSRID(ST_MakePoint(-69.97386038303377, -15.878450995192615), 4326), 'Jayllihuaya', 'Rústica', 61450.0, '2');
INSERT INTO tributos (id_predio, id_contribuyente, monto_impuesto, pago_impuesto, monto_arbitrios, pago_arbitrios, ingreso_familiar, cantidad_personas, nivel_educativo_jefe, servicios_basicos)
  VALUES (62, 62, 61.0, TRUE, 78.0, FALSE, 1229.0, 5, 'Superior técnica', 'Completo');
INSERT INTO predios (id_predio, codigo_catastral, geom, sector, tipo_vivienda, autovaluo, numero_vivienda)
  VALUES (63, 'HOG063', ST_SetSRID(ST_MakePoint(-69.97434854507448, -15.878894731895448), 4326), 'Jayllihuaya', 'Rústica', 30600.0, '1');
INSERT INTO tributos (id_predio, id_contribuyente, monto_impuesto, pago_impuesto, monto_arbitrios, pago_arbitrios, ingreso_familiar, cantidad_personas, nivel_educativo_jefe, servicios_basicos)
  VALUES (63, 63, 43.0, FALSE, 144.0, TRUE, 612.0, 5, 'Superior universitaria', 'Completo');
INSERT INTO predios (id_predio, codigo_catastral, geom, sector, tipo_vivienda, autovaluo, numero_vivienda)
  VALUES (64, 'HOG064', ST_SetSRID(ST_MakePoint(-69.97470796108247, -15.879106280444537), 4326), 'Jayllihuaya', 'Material noble', 71300.0, '2');
INSERT INTO tributos (id_predio, id_contribuyente, monto_impuesto, pago_impuesto, monto_arbitrios, pago_arbitrios, ingreso_familiar, cantidad_personas, nivel_educativo_jefe, servicios_basicos)
  VALUES (64, 64, 136.0, FALSE, 80.0, TRUE, 1426.0, 6, 'Secundaria', 'Incompleto');
INSERT INTO predios (id_predio, codigo_catastral, geom, sector, tipo_vivienda, autovaluo, numero_vivienda)
  VALUES (65, 'HOG065', ST_SetSRID(ST_MakePoint(-69.97479915618898, -15.879214634493383), 4326), 'Jayllihuaya', 'Material noble', 44500.0, '1');
INSERT INTO tributos (id_predio, id_contribuyente, monto_impuesto, pago_impuesto, monto_arbitrios, pago_arbitrios, ingreso_familiar, cantidad_personas, nivel_educativo_jefe, servicios_basicos)
  VALUES (65, 65, 71.0, TRUE, 115.0, FALSE, 890.0, 5, 'Primaria', 'Completo');
INSERT INTO predios (id_predio, codigo_catastral, geom, sector, tipo_vivienda, autovaluo, numero_vivienda)
  VALUES (66, 'HOG066', ST_SetSRID(ST_MakePoint(-69.97406959533693, -15.878662544207746), 4326), 'Jayllihuaya', 'Rústica', 73650.0, '1');
INSERT INTO tributos (id_predio, id_contribuyente, monto_impuesto, pago_impuesto, monto_arbitrios, pago_arbitrios, ingreso_familiar, cantidad_personas, nivel_educativo_jefe, servicios_basicos)
  VALUES (66, 66, 59.0, FALSE, 115.0, FALSE, 1473.0, 4, 'Superior universitaria', 'Completo');
INSERT INTO predios (id_predio, codigo_catastral, geom, sector, tipo_vivienda, autovaluo, numero_vivienda)
  VALUES (67, 'HOG067', ST_SetSRID(ST_MakePoint(-69.9754697084427, -15.87846647439638), 4326), 'Jayllihuaya', 'Rústica', 91050.0, '1');
INSERT INTO tributos (id_predio, id_contribuyente, monto_impuesto, pago_impuesto, monto_arbitrios, pago_arbitrios, ingreso_familiar, cantidad_personas, nivel_educativo_jefe, servicios_basicos)
  VALUES (67, 67, 36.0, FALSE, 86.0, TRUE, 1821.0, 6, 'Superior técnica', 'Completo');
INSERT INTO predios (id_predio, codigo_catastral, geom, sector, tipo_vivienda, autovaluo, numero_vivienda)
  VALUES (68, 'HOG068', ST_SetSRID(ST_MakePoint(-69.97572720050813, -15.878672863666223), 4326), 'Jayllihuaya', 'Rústica', 76000.0, '2');
INSERT INTO tributos (id_predio, id_contribuyente, monto_impuesto, pago_impuesto, monto_arbitrios, pago_arbitrios, ingreso_familiar, cantidad_personas, nivel_educativo_jefe, servicios_basicos)
  VALUES (68, 68, 38.0, TRUE, 82.0, FALSE, 1520.0, 2, 'Primaria', 'Incompleto');
INSERT INTO predios (id_predio, codigo_catastral, geom, sector, tipo_vivienda, autovaluo, numero_vivienda)
  VALUES (69, 'HOG069', ST_SetSRID(ST_MakePoint(-69.97635483741762, -15.878688342852938), 4326), 'Jayllihuaya', 'Rústica', 65550.0, '2');
INSERT INTO tributos (id_predio, id_contribuyente, monto_impuesto, pago_impuesto, monto_arbitrios, pago_arbitrios, ingreso_familiar, cantidad_personas, nivel_educativo_jefe, servicios_basicos)
  VALUES (69, 69, 55.0, FALSE, 53.0, FALSE, 1311.0, 6, 'Superior universitaria', 'Incompleto');
INSERT INTO predios (id_predio, codigo_catastral, geom, sector, tipo_vivienda, autovaluo, numero_vivienda)
  VALUES (70, 'HOG070', ST_SetSRID(ST_MakePoint(-69.97615635395051, -15.878874093000709), 4326), 'Jayllihuaya', 'Material noble', 32600.0, '3');
INSERT INTO tributos (id_predio, id_contribuyente, monto_impuesto, pago_impuesto, monto_arbitrios, pago_arbitrios, ingreso_familiar, cantidad_personas, nivel_educativo_jefe, servicios_basicos)
  VALUES (70, 70, 54.0, TRUE, 85.0, TRUE, 652.0, 7, 'Superior universitaria', 'Completo');
INSERT INTO predios (id_predio, codigo_catastral, geom, sector, tipo_vivienda, autovaluo, numero_vivienda)
  VALUES (71, 'HOG071', ST_SetSRID(ST_MakePoint(-69.97673571109773, -15.878404557574191), 4326), 'Jayllihuaya', 'Rústica', 85150.0, '1');
INSERT INTO tributos (id_predio, id_contribuyente, monto_impuesto, pago_impuesto, monto_arbitrios, pago_arbitrios, ingreso_familiar, cantidad_personas, nivel_educativo_jefe, servicios_basicos)
  VALUES (71, 71, 91.0, TRUE, 62.0, TRUE, 1703.0, 4, 'Primaria', 'Sin servicio');
INSERT INTO predios (id_predio, codigo_catastral, geom, sector, tipo_vivienda, autovaluo, numero_vivienda)
  VALUES (72, 'HOG072', ST_SetSRID(ST_MakePoint(-69.97640848159791, -15.877677033487773), 4326), 'Jayllihuaya', 'Rústica', 111900.0, '1');
INSERT INTO tributos (id_predio, id_contribuyente, monto_impuesto, pago_impuesto, monto_arbitrios, pago_arbitrios, ingreso_familiar, cantidad_personas, nivel_educativo_jefe, servicios_basicos)
  VALUES (72, 72, 60.0, FALSE, 113.0, FALSE, 2238.0, 6, 'Superior universitaria', 'Completo');
INSERT INTO predios (id_predio, codigo_catastral, geom, sector, tipo_vivienda, autovaluo, numero_vivienda)
  VALUES (73, 'HOG073', ST_SetSRID(ST_MakePoint(-69.97676789760591, -15.877790548057249), 4326), 'Jayllihuaya', 'Material noble', 113350.0, '1');
INSERT INTO tributos (id_predio, id_contribuyente, monto_impuesto, pago_impuesto, monto_arbitrios, pago_arbitrios, ingreso_familiar, cantidad_personas, nivel_educativo_jefe, servicios_basicos)
  VALUES (73, 73, 121.0, TRUE, 83.0, FALSE, 2267.0, 6, 'Secundaria', 'Completo');
INSERT INTO predios (id_predio, codigo_catastral, geom, sector, tipo_vivienda, autovaluo, numero_vivienda)
  VALUES (74, 'HOG074', ST_SetSRID(ST_MakePoint(-69.97626900672914, -15.879494387608933), 4326), 'Jayllihuaya', 'Rústica', 44100.0, '1');
INSERT INTO tributos (id_predio, id_contribuyente, monto_impuesto, pago_impuesto, monto_arbitrios, pago_arbitrios, ingreso_familiar, cantidad_personas, nivel_educativo_jefe, servicios_basicos)
  VALUES (74, 74, 66.0, FALSE, 71.0, FALSE, 882.0, 6, 'Secundaria', 'Incompleto');
INSERT INTO predios (id_predio, codigo_catastral, geom, sector, tipo_vivienda, autovaluo, numero_vivienda)
  VALUES (75, 'HOG075', ST_SetSRID(ST_MakePoint(-69.9766767024994, -15.879484068192543), 4326), 'Jayllihuaya', 'Rústica', 82700.0, '1');
INSERT INTO tributos (id_predio, id_contribuyente, monto_impuesto, pago_impuesto, monto_arbitrios, pago_arbitrios, ingreso_familiar, cantidad_personas, nivel_educativo_jefe, servicios_basicos)
  VALUES (75, 75, 74.0, FALSE, 79.0, TRUE, 1654.0, 6, 'Superior universitaria', 'Completo');
INSERT INTO predios (id_predio, codigo_catastral, geom, sector, tipo_vivienda, autovaluo, numero_vivienda)
  VALUES (76, 'HOG076', ST_SetSRID(ST_MakePoint(-69.9771809577942, -15.879277679753917), 4326), 'Jayllihuaya', 'Material noble', 82350.0, '3');
INSERT INTO tributos (id_predio, id_contribuyente, monto_impuesto, pago_impuesto, monto_arbitrios, pago_arbitrios, ingreso_familiar, cantidad_personas, nivel_educativo_jefe, servicios_basicos)
  VALUES (76, 76, 141.0, TRUE, 29.0, FALSE, 1647.0, 4, 'Superior universitaria', 'Incompleto');
INSERT INTO predios (id_predio, codigo_catastral, geom, sector, tipo_vivienda, autovaluo, numero_vivienda)
  VALUES (77, 'HOG077', ST_SetSRID(ST_MakePoint(-69.97845768928529, -15.877378896196005), 4326), 'Jayllihuaya', 'Rústica', 100200.0, '2');
INSERT INTO tributos (id_predio, id_contribuyente, monto_impuesto, pago_impuesto, monto_arbitrios, pago_arbitrios, ingreso_familiar, cantidad_personas, nivel_educativo_jefe, servicios_basicos)
  VALUES (77, 77, 72.0, TRUE, 121.0, TRUE, 2004.0, 4, 'Superior universitaria', 'Completo');
INSERT INTO predios (id_predio, codigo_catastral, geom, sector, tipo_vivienda, autovaluo, numero_vivienda)
  VALUES (78, 'HOG078', ST_SetSRID(ST_MakePoint(-69.97804999351503, -15.877336489395567), 4326), 'Jayllihuaya', 'Rústica', 70000.0, '1');
INSERT INTO tributos (id_predio, id_contribuyente, monto_impuesto, pago_impuesto, monto_arbitrios, pago_arbitrios, ingreso_familiar, cantidad_personas, nivel_educativo_jefe, servicios_basicos)
  VALUES (78, 78, 58.0, FALSE, 116.0, TRUE, 1400.0, 5, 'Superior técnica', 'Completo');
INSERT INTO predios (id_predio, codigo_catastral, geom, sector, tipo_vivienda, autovaluo, numero_vivienda)
  VALUES (79, 'HOG079', ST_SetSRID(ST_MakePoint(-69.97774422168733, -15.877527400548468), 4326), 'Jayllihuaya', 'Rústica', 80000.0, '2');
INSERT INTO tributos (id_predio, id_contribuyente, monto_impuesto, pago_impuesto, monto_arbitrios, pago_arbitrios, ingreso_familiar, cantidad_personas, nivel_educativo_jefe, servicios_basicos)
  VALUES (79, 79, 21.0, TRUE, 88.0, FALSE, 1600.0, 6, 'Secundaria', 'Completo');
INSERT INTO predios (id_predio, codigo_catastral, geom, sector, tipo_vivienda, autovaluo, numero_vivienda)
  VALUES (80, 'HOG080', ST_SetSRID(ST_MakePoint(-69.9775403738022, -15.87770283225918), 4326), 'Jayllihuaya', 'Rústica', 35250.0, '1');
INSERT INTO tributos (id_predio, id_contribuyente, monto_impuesto, pago_impuesto, monto_arbitrios, pago_arbitrios, ingreso_familiar, cantidad_personas, nivel_educativo_jefe, servicios_basicos)
  VALUES (80, 80, 91.0, TRUE, 43.0, TRUE, 705.0, 3, 'Superior técnica', 'Sin servicio');
INSERT INTO predios (id_predio, codigo_catastral, geom, sector, tipo_vivienda, autovaluo, numero_vivienda)
  VALUES (81, 'HOG081', ST_SetSRID(ST_MakePoint(-69.97732579708101, -15.877878263817111), 4326), 'Jayllihuaya', 'Material noble', 83150.0, '1');
INSERT INTO tributos (id_predio, id_contribuyente, monto_impuesto, pago_impuesto, monto_arbitrios, pago_arbitrios, ingreso_familiar, cantidad_personas, nivel_educativo_jefe, servicios_basicos)
  VALUES (81, 81, 87.0, FALSE, 95.0, TRUE, 1663.0, 8, 'Primaria', 'Completo');
INSERT INTO predios (id_predio, codigo_catastral, geom, sector, tipo_vivienda, autovaluo, numero_vivienda)
  VALUES (82, 'HOG082', ST_SetSRID(ST_MakePoint(-69.97718632221223, -15.87803305624134), 4326), 'Jayllihuaya', 'Material noble', 58350.0, '4');
INSERT INTO tributos (id_predio, id_contribuyente, monto_impuesto, pago_impuesto, monto_arbitrios, pago_arbitrios, ingreso_familiar, cantidad_personas, nivel_educativo_jefe, servicios_basicos)
  VALUES (82, 82, 171.0, FALSE, 94.0, FALSE, 1167.0, 4, 'Primaria', 'Completo');
INSERT INTO predios (id_predio, codigo_catastral, geom, sector, tipo_vivienda, autovaluo, numero_vivienda)
  VALUES (83, 'HOG083', ST_SetSRID(ST_MakePoint(-69.9777925014496, -15.87722297457021), 4326), 'Jayllihuaya', 'Material noble', 58050.0, '3');
INSERT INTO tributos (id_predio, id_contribuyente, monto_impuesto, pago_impuesto, monto_arbitrios, pago_arbitrios, ingreso_familiar, cantidad_personas, nivel_educativo_jefe, servicios_basicos)
  VALUES (83, 83, 158.0, FALSE, 76.0, TRUE, 1161.0, 4, 'Superior universitaria', 'Incompleto');
INSERT INTO predios (id_predio, codigo_catastral, geom, sector, tipo_vivienda, autovaluo, numero_vivienda)
  VALUES (84, 'HOG084', ST_SetSRID(ST_MakePoint(-69.9775403738022, -15.877413885830716), 4326), 'Jayllihuaya', 'Material noble', 84150.0, '1');
INSERT INTO tributos (id_predio, id_contribuyente, monto_impuesto, pago_impuesto, monto_arbitrios, pago_arbitrios, ingreso_familiar, cantidad_personas, nivel_educativo_jefe, servicios_basicos)
  VALUES (84, 84, 98.0, TRUE, 75.0, FALSE, 1683.0, 5, 'Primaria', 'Completo');
INSERT INTO predios (id_predio, codigo_catastral, geom, sector, tipo_vivienda, autovaluo, numero_vivienda)
  VALUES (85, 'HOG085', ST_SetSRID(ST_MakePoint(-69.97733652591707, -15.8775738383691), 4326), 'Jayllihuaya', 'Rústica', 50050.0, '1');
INSERT INTO tributos (id_predio, id_contribuyente, monto_impuesto, pago_impuesto, monto_arbitrios, pago_arbitrios, ingreso_familiar, cantidad_personas, nivel_educativo_jefe, servicios_basicos)
  VALUES (85, 85, 27.0, TRUE, 79.0, TRUE, 1001.0, 5, 'Primaria', 'Completo');
INSERT INTO predios (id_predio, codigo_catastral, geom, sector, tipo_vivienda, autovaluo, numero_vivienda)
  VALUES (86, 'HOG086', ST_SetSRID(ST_MakePoint(-69.97710585594179, -15.877413885830716), 4326), 'Jayllihuaya', 'Rústica', 97850.0, '1');
INSERT INTO tributos (id_predio, id_contribuyente, monto_impuesto, pago_impuesto, monto_arbitrios, pago_arbitrios, ingreso_familiar, cantidad_personas, nivel_educativo_jefe, servicios_basicos)
  VALUES (86, 86, 33.0, TRUE, 115.0, FALSE, 1957.0, 7, 'Secundaria', 'Completo');
INSERT INTO predios (id_predio, codigo_catastral, geom, sector, tipo_vivienda, autovaluo, numero_vivienda)
  VALUES (87, 'HOG087', ST_SetSRID(ST_MakePoint(-69.97680544853212, -15.877346808921967), 4326), 'Jayllihuaya', 'Material noble', 89350.0, '2');
INSERT INTO tributos (id_predio, id_contribuyente, monto_impuesto, pago_impuesto, monto_arbitrios, pago_arbitrios, ingreso_familiar, cantidad_personas, nivel_educativo_jefe, servicios_basicos)
  VALUES (87, 87, 68.0, FALSE, 74.0, FALSE, 1787.0, 7, 'Secundaria', 'Completo');
INSERT INTO predios (id_predio, codigo_catastral, geom, sector, tipo_vivienda, autovaluo, numero_vivienda)
  VALUES (88, 'HOG088', ST_SetSRID(ST_MakePoint(-69.97649431228639, -15.877811187063013), 4326), 'Jayllihuaya', 'Rústica', 60200.0, '2');
INSERT INTO tributos (id_predio, id_contribuyente, monto_impuesto, pago_impuesto, monto_arbitrios, pago_arbitrios, ingreso_familiar, cantidad_personas, nivel_educativo_jefe, servicios_basicos)
  VALUES (88, 88, 62.0, TRUE, 92.0, FALSE, 1204.0, 3, 'Superior técnica', 'Completo');
INSERT INTO predios (id_predio, codigo_catastral, geom, sector, tipo_vivienda, autovaluo, numero_vivienda)
  VALUES (89, 'HOG089', ST_SetSRID(ST_MakePoint(-69.97690737247468, -15.8771558975979), 4326), 'Jayllihuaya', 'Material noble', 113250.0, '2');
INSERT INTO tributos (id_predio, id_contribuyente, monto_impuesto, pago_impuesto, monto_arbitrios, pago_arbitrios, ingreso_familiar, cantidad_personas, nivel_educativo_jefe, servicios_basicos)
  VALUES (89, 89, 134.0, TRUE, 33.0, TRUE, 2265.0, 6, 'Superior técnica', 'Completo');
INSERT INTO predios (id_predio, codigo_catastral, geom, sector, tipo_vivienda, autovaluo, numero_vivienda)
  VALUES (90, 'HOG090', ST_SetSRID(ST_MakePoint(-69.97671961784364, -15.876985625183266), 4326), 'Jayllihuaya', 'Rústica', 78050.0, '3');
INSERT INTO tributos (id_predio, id_contribuyente, monto_impuesto, pago_impuesto, monto_arbitrios, pago_arbitrios, ingreso_familiar, cantidad_personas, nivel_educativo_jefe, servicios_basicos)
  VALUES (90, 90, 24.0, TRUE, 83.0, TRUE, 1561.0, 4, 'Superior técnica', 'Completo');
INSERT INTO predios (id_predio, codigo_catastral, geom, sector, tipo_vivienda, autovaluo, numero_vivienda)
  VALUES (91, 'HOG091', ST_SetSRID(ST_MakePoint(-69.97791051864625, -15.876686358166326), 4326), 'Jayllihuaya', 'Material noble', 97650.0, '2');
INSERT INTO tributos (id_predio, id_contribuyente, monto_impuesto, pago_impuesto, monto_arbitrios, pago_arbitrios, ingreso_familiar, cantidad_personas, nivel_educativo_jefe, servicios_basicos)
  VALUES (91, 91, 128.0, FALSE, 76.0, TRUE, 1953.0, 4, 'Superior universitaria', 'Completo');
INSERT INTO predios (id_predio, codigo_catastral, geom, sector, tipo_vivienda, autovaluo, numero_vivienda)
  VALUES (92, 'HOG092', ST_SetSRID(ST_MakePoint(-69.97795879840852, -15.87706818152348), 4326), 'Jayllihuaya', 'Rústica', 86750.0, '1');
INSERT INTO tributos (id_predio, id_contribuyente, monto_impuesto, pago_impuesto, monto_arbitrios, pago_arbitrios, ingreso_familiar, cantidad_personas, nivel_educativo_jefe, servicios_basicos)
  VALUES (92, 92, 36.0, TRUE, 58.0, FALSE, 1735.0, 7, 'Primaria', 'Sin servicio');
INSERT INTO predios (id_predio, codigo_catastral, geom, sector, tipo_vivienda, autovaluo, numero_vivienda)
  VALUES (93, 'HOG093', ST_SetSRID(ST_MakePoint(-69.97651576995851, -15.876717316843868), 4326), 'Jayllihuaya', 'Material noble', 42900.0, '3');
INSERT INTO tributos (id_predio, id_contribuyente, monto_impuesto, pago_impuesto, monto_arbitrios, pago_arbitrios, ingreso_familiar, cantidad_personas, nivel_educativo_jefe, servicios_basicos)
  VALUES (93, 93, 135.0, TRUE, 73.0, TRUE, 858.0, 3, 'Primaria', 'Incompleto');
INSERT INTO predios (id_predio, codigo_catastral, geom, sector, tipo_vivienda, autovaluo, numero_vivienda)
  VALUES (94, 'HOG094', ST_SetSRID(ST_MakePoint(-69.97636020183565, -15.877238453868358), 4326), 'Jayllihuaya', 'Rústica', 85150.0, '1');
INSERT INTO tributos (id_predio, id_contribuyente, monto_impuesto, pago_impuesto, monto_arbitrios, pago_arbitrios, ingreso_familiar, cantidad_personas, nivel_educativo_jefe, servicios_basicos)
  VALUES (94, 94, 22.0, FALSE, 118.0, FALSE, 1703.0, 3, 'Superior universitaria', 'Completo');
INSERT INTO predios (id_predio, codigo_catastral, geom, sector, tipo_vivienda, autovaluo, numero_vivienda)
  VALUES (95, 'HOG095', ST_SetSRID(ST_MakePoint(-69.97630655765535, -15.87812077189561), 4326), 'Jayllihuaya', 'Material noble', 94650.0, '1');
INSERT INTO tributos (id_predio, id_contribuyente, monto_impuesto, pago_impuesto, monto_arbitrios, pago_arbitrios, ingreso_familiar, cantidad_personas, nivel_educativo_jefe, servicios_basicos)
  VALUES (95, 95, 110.0, TRUE, 86.0, TRUE, 1893.0, 3, 'Superior técnica', 'Completo');
INSERT INTO predios (id_predio, codigo_catastral, geom, sector, tipo_vivienda, autovaluo, numero_vivienda)
  VALUES (96, 'HOG096', ST_SetSRID(ST_MakePoint(-69.97629046440126, -15.878404557574191), 4326), 'Jayllihuaya', 'Rústica', 86600.0, '1');
INSERT INTO tributos (id_predio, id_contribuyente, monto_impuesto, pago_impuesto, monto_arbitrios, pago_arbitrios, ingreso_familiar, cantidad_personas, nivel_educativo_jefe, servicios_basicos)
  VALUES (96, 96, 30.0, TRUE, 102.0, FALSE, 1732.0, 3, 'Secundaria', 'Completo');
INSERT INTO predios (id_predio, codigo_catastral, geom, sector, tipo_vivienda, autovaluo, numero_vivienda)
  VALUES (97, 'HOG097', ST_SetSRID(ST_MakePoint(-69.97906923294069, -15.874045662208337), 4326), 'Jayllihuaya', 'Material noble', 71650.0, '1');
INSERT INTO tributos (id_predio, id_contribuyente, monto_impuesto, pago_impuesto, monto_arbitrios, pago_arbitrios, ingreso_familiar, cantidad_personas, nivel_educativo_jefe, servicios_basicos)
  VALUES (97, 97, 86.0, TRUE, 92.0, FALSE, 1433.0, 5, 'Secundaria', 'Completo');
INSERT INTO predios (id_predio, codigo_catastral, geom, sector, tipo_vivienda, autovaluo, numero_vivienda)
  VALUES (98, 'HOG098', ST_SetSRID(ST_MakePoint(-69.97858643531801, -15.874468769268764), 4326), 'Jayllihuaya', 'Rústica', 94700.0, '2');
INSERT INTO tributos (id_predio, id_contribuyente, monto_impuesto, pago_impuesto, monto_arbitrios, pago_arbitrios, ingreso_familiar, cantidad_personas, nivel_educativo_jefe, servicios_basicos)
  VALUES (98, 98, 51.0, FALSE, 104.0, TRUE, 1894.0, 4, 'Superior técnica', 'Completo');
INSERT INTO predios (id_predio, codigo_catastral, geom, sector, tipo_vivienda, autovaluo, numero_vivienda)
  VALUES (99, 'HOG099', ST_SetSRID(ST_MakePoint(-69.97831821441652, -15.874664842971082), 4326), 'Jayllihuaya', 'Rústica', 28350.0, '1');
INSERT INTO tributos (id_predio, id_contribuyente, monto_impuesto, pago_impuesto, monto_arbitrios, pago_arbitrios, ingreso_familiar, cantidad_personas, nivel_educativo_jefe, servicios_basicos)
  VALUES (99, 99, 48.0, FALSE, 74.0, TRUE, 567.0, 3, 'Superior universitaria', 'Incompleto');
INSERT INTO predios (id_predio, codigo_catastral, geom, sector, tipo_vivienda, autovaluo, numero_vivienda)
  VALUES (100, 'HOG100', ST_SetSRID(ST_MakePoint(-69.97794270515443, -15.875026030870622), 4326), 'Jayllihuaya', 'Rústica', 134200.0, '4');
INSERT INTO tributos (id_predio, id_contribuyente, monto_impuesto, pago_impuesto, monto_arbitrios, pago_arbitrios, ingreso_familiar, cantidad_personas, nivel_educativo_jefe, servicios_basicos)
  VALUES (100, 100, 70.0, TRUE, 34.0, TRUE, 2684.0, 2, 'Primaria', 'Completo');
INSERT INTO predios (id_predio, codigo_catastral, geom, sector, tipo_vivienda, autovaluo, numero_vivienda)
  VALUES (101, 'HOG101', ST_SetSRID(ST_MakePoint(-69.97758865356447, -15.875325300353982), 4326), 'Jayllihuaya', 'Material noble', 78300.0, '1');
INSERT INTO tributos (id_predio, id_contribuyente, monto_impuesto, pago_impuesto, monto_arbitrios, pago_arbitrios, ingreso_familiar, cantidad_personas, nivel_educativo_jefe, servicios_basicos)
  VALUES (101, 101, 155.0, FALSE, 89.0, TRUE, 1566.0, 4, 'Secundaria', 'Sin servicio');
INSERT INTO predios (id_predio, codigo_catastral, geom, sector, tipo_vivienda, autovaluo, numero_vivienda)
  VALUES (102, 'HOG102', ST_SetSRID(ST_MakePoint(-69.97997045516969, -15.874479088942067), 4326), 'Jayllihuaya', 'Material noble', 108950.0, '3');
INSERT INTO tributos (id_predio, id_contribuyente, monto_impuesto, pago_impuesto, monto_arbitrios, pago_arbitrios, ingreso_familiar, cantidad_personas, nivel_educativo_jefe, servicios_basicos)
  VALUES (102, 102, 139.0, TRUE, 44.0, TRUE, 2179.0, 5, 'Primaria', 'Sin servicio');
INSERT INTO predios (id_predio, codigo_catastral, geom, sector, tipo_vivienda, autovaluo, numero_vivienda)
  VALUES (103, 'HOG103', ST_SetSRID(ST_MakePoint(-69.9807643890381, -15.874778359237855), 4326), 'Jayllihuaya', 'Material noble', 46300.0, '1');
INSERT INTO tributos (id_predio, id_contribuyente, monto_impuesto, pago_impuesto, monto_arbitrios, pago_arbitrios, ingreso_familiar, cantidad_personas, nivel_educativo_jefe, servicios_basicos)
  VALUES (103, 103, 45.0, TRUE, 93.0, TRUE, 926.0, 4, 'Primaria', 'Completo');
INSERT INTO predios (id_predio, codigo_catastral, geom, sector, tipo_vivienda, autovaluo, numero_vivienda)
  VALUES (104, 'HOG104', ST_SetSRID(ST_MakePoint(-69.98095750808717, -15.875160186211236), 4326), 'Jayllihuaya', 'Rústica', 29200.0, '1');
INSERT INTO tributos (id_predio, id_contribuyente, monto_impuesto, pago_impuesto, monto_arbitrios, pago_arbitrios, ingreso_familiar, cantidad_personas, nivel_educativo_jefe, servicios_basicos)
  VALUES (104, 104, 72.0, FALSE, 125.0, TRUE, 584.0, 3, 'Superior técnica', 'Completo');
INSERT INTO predios (id_predio, codigo_catastral, geom, sector, tipo_vivienda, autovaluo, numero_vivienda)
  VALUES (105, 'HOG105', ST_SetSRID(ST_MakePoint(-69.9783504009247, -15.873354241441183), 4326), 'Jayllihuaya', 'Rústica', 58550.0, '5');
INSERT INTO tributos (id_predio, id_contribuyente, monto_impuesto, pago_impuesto, monto_arbitrios, pago_arbitrios, ingreso_familiar, cantidad_personas, nivel_educativo_jefe, servicios_basicos)
  VALUES (105, 105, 63.0, FALSE, 122.0, FALSE, 1171.0, 5, 'Superior universitaria', 'Completo');
INSERT INTO predios (id_predio, codigo_catastral, geom, sector, tipo_vivienda, autovaluo, numero_vivienda)
  VALUES (106, 'HOG106', ST_SetSRID(ST_MakePoint(-69.97774958610536, -15.874014703120249), 4326), 'Jayllihuaya', 'Material noble', 96850.0, '3');
INSERT INTO tributos (id_predio, id_contribuyente, monto_impuesto, pago_impuesto, monto_arbitrios, pago_arbitrios, ingreso_familiar, cantidad_personas, nivel_educativo_jefe, servicios_basicos)
  VALUES (106, 106, 101.0, TRUE, 74.0, TRUE, 1937.0, 6, 'Secundaria', 'Incompleto');
INSERT INTO predios (id_predio, codigo_catastral, geom, sector, tipo_vivienda, autovaluo, numero_vivienda)
  VALUES (107, 'HOG107', ST_SetSRID(ST_MakePoint(-69.97738480567934, -15.874334613467745), 4326), 'Jayllihuaya', 'Material noble', 66950.0, '2');
INSERT INTO tributos (id_predio, id_contribuyente, monto_impuesto, pago_impuesto, monto_arbitrios, pago_arbitrios, ingreso_familiar, cantidad_personas, nivel_educativo_jefe, servicios_basicos)
  VALUES (107, 107, 127.0, TRUE, 93.0, TRUE, 1339.0, 5, 'Secundaria', 'Completo');
INSERT INTO predios (id_predio, codigo_catastral, geom, sector, tipo_vivienda, autovaluo, numero_vivienda)
  VALUES (108, 'HOG108', ST_SetSRID(ST_MakePoint(-69.97705221176149, -15.87455132664038), 4326), 'Jayllihuaya', 'Rústica', 47550.0, '2');
INSERT INTO tributos (id_predio, id_contribuyente, monto_impuesto, pago_impuesto, monto_arbitrios, pago_arbitrios, ingreso_familiar, cantidad_personas, nivel_educativo_jefe, servicios_basicos)
  VALUES (108, 108, 72.0, TRUE, 54.0, TRUE, 951.0, 4, 'Superior técnica', 'Sin servicio');
INSERT INTO predios (id_predio, codigo_catastral, geom, sector, tipo_vivienda, autovaluo, numero_vivienda)
  VALUES (109, 'HOG109', ST_SetSRID(ST_MakePoint(-69.9774330854416, -15.875030061981908), 4326), 'Jayllihuaya', 'Material noble', 65700.0, '3');
INSERT INTO tributos (id_predio, id_contribuyente, monto_impuesto, pago_impuesto, monto_arbitrios, pago_arbitrios, ingreso_familiar, cantidad_personas, nivel_educativo_jefe, servicios_basicos)
  VALUES (109, 109, 120.0, FALSE, 118.0, TRUE, 1314.0, 7, 'Secundaria', 'Completo');
INSERT INTO predios (id_predio, codigo_catastral, geom, sector, tipo_vivienda, autovaluo, numero_vivienda)
  VALUES (110, 'HOG110', ST_SetSRID(ST_MakePoint(-69.97722387313844, -15.874901066380437), 4326), 'Jayllihuaya', 'Rústica', 61850.0, '2');
INSERT INTO tributos (id_predio, id_contribuyente, monto_impuesto, pago_impuesto, monto_arbitrios, pago_arbitrios, ingreso_familiar, cantidad_personas, nivel_educativo_jefe, servicios_basicos)
  VALUES (110, 110, 39.0, TRUE, 88.0, FALSE, 1237.0, 4, 'Superior técnica', 'Completo');
INSERT INTO predios (id_predio, codigo_catastral, geom, sector, tipo_vivienda, autovaluo, numero_vivienda)
  VALUES (111, 'HOG111', ST_SetSRID(ST_MakePoint(-69.97786760330202, -15.87474627154962), 4326), 'Jayllihuaya', 'Rústica', 70650.0, '1');
INSERT INTO tributos (id_predio, id_contribuyente, monto_impuesto, pago_impuesto, monto_arbitrios, pago_arbitrios, ingreso_familiar, cantidad_personas, nivel_educativo_jefe, servicios_basicos)
  VALUES (111, 111, 63.0, TRUE, 118.0, TRUE, 1413.0, 3, 'Superior universitaria', 'Completo');
INSERT INTO predios (id_predio, codigo_catastral, geom, sector, tipo_vivienda, autovaluo, numero_vivienda)
  VALUES (112, 'HOG112', ST_SetSRID(ST_MakePoint(-69.97762620449068, -15.874565677430033), 4326), 'Jayllihuaya', 'Rústica', 71700.0, '2');
INSERT INTO tributos (id_predio, id_contribuyente, monto_impuesto, pago_impuesto, monto_arbitrios, pago_arbitrios, ingreso_familiar, cantidad_personas, nivel_educativo_jefe, servicios_basicos)
  VALUES (112, 112, 109.0, TRUE, 62.0, TRUE, 1434.0, 3, 'Secundaria', 'Incompleto');
INSERT INTO predios (id_predio, codigo_catastral, geom, sector, tipo_vivienda, autovaluo, numero_vivienda)
  VALUES (113, 'HOG113', ST_SetSRID(ST_MakePoint(-69.97861325740816, -15.875546043561947), 4326), 'Jayllihuaya', 'Material noble', 50300.0, '2');
INSERT INTO tributos (id_predio, id_contribuyente, monto_impuesto, pago_impuesto, monto_arbitrios, pago_arbitrios, ingreso_familiar, cantidad_personas, nivel_educativo_jefe, servicios_basicos)
  VALUES (113, 113, 117.0, TRUE, 116.0, TRUE, 1006.0, 2, 'Primaria', 'Completo');
INSERT INTO predios (id_predio, codigo_catastral, geom, sector, tipo_vivienda, autovaluo, numero_vivienda)
  VALUES (114, 'HOG114', ST_SetSRID(ST_MakePoint(-69.97844696044923, -15.875705997583426), 4326), 'Jayllihuaya', 'Rústica', 116700.0, '2');
INSERT INTO tributos (id_predio, id_contribuyente, monto_impuesto, pago_impuesto, monto_arbitrios, pago_arbitrios, ingreso_familiar, cantidad_personas, nivel_educativo_jefe, servicios_basicos)
  VALUES (114, 114, 59.0, TRUE, 100.0, TRUE, 2334.0, 4, 'Secundaria', 'Completo');
INSERT INTO predios (id_predio, codigo_catastral, geom, sector, tipo_vivienda, autovaluo, numero_vivienda)
  VALUES (115, 'HOG115', ST_SetSRID(ST_MakePoint(-69.97794270515443, -15.875442847351659), 4326), 'Jayllihuaya', 'Material noble', 76950.0, '3');
INSERT INTO tributos (id_predio, id_contribuyente, monto_impuesto, pago_impuesto, monto_arbitrios, pago_arbitrios, ingreso_familiar, cantidad_personas, nivel_educativo_jefe, servicios_basicos)
  VALUES (115, 115, 81.0, TRUE, 65.0, FALSE, 1539.0, 4, 'Secundaria', 'Completo');
INSERT INTO predios (id_predio, codigo_catastral, geom, sector, tipo_vivienda, autovaluo, numero_vivienda)
  VALUES (116, 'HOG116', ST_SetSRID(ST_MakePoint(-69.97826993465425, -15.875860791676848), 4326), 'Jayllihuaya', 'Rústica', 65000.0, '1');
INSERT INTO tributos (id_predio, id_contribuyente, monto_impuesto, pago_impuesto, monto_arbitrios, pago_arbitrios, ingreso_familiar, cantidad_personas, nivel_educativo_jefe, servicios_basicos)
  VALUES (116, 116, 83.0, FALSE, 110.0, TRUE, 1300.0, 3, 'Secundaria', 'Completo');
INSERT INTO predios (id_predio, codigo_catastral, geom, sector, tipo_vivienda, autovaluo, numero_vivienda)
  VALUES (117, 'HOG117', ST_SetSRID(ST_MakePoint(-69.97877418994905, -15.875726636802746), 4326), 'Jayllihuaya', 'Material noble', 126750.0, '3');
INSERT INTO tributos (id_predio, id_contribuyente, monto_impuesto, pago_impuesto, monto_arbitrios, pago_arbitrios, ingreso_familiar, cantidad_personas, nivel_educativo_jefe, servicios_basicos)
  VALUES (117, 117, 128.0, TRUE, 84.0, FALSE, 2535.0, 4, 'Secundaria', 'Incompleto');
INSERT INTO predios (id_predio, codigo_catastral, geom, sector, tipo_vivienda, autovaluo, numero_vivienda)
  VALUES (118, 'HOG118', ST_SetSRID(ST_MakePoint(-69.97808754444124, -15.875969147471475), 4326), 'Jayllihuaya', 'Rústica', 74150.0, '1');
INSERT INTO tributos (id_predio, id_contribuyente, monto_impuesto, pago_impuesto, monto_arbitrios, pago_arbitrios, ingreso_familiar, cantidad_personas, nivel_educativo_jefe, servicios_basicos)
  VALUES (118, 118, 72.0, FALSE, 57.0, TRUE, 1483.0, 6, 'Secundaria', 'Completo');
INSERT INTO predios (id_predio, codigo_catastral, geom, sector, tipo_vivienda, autovaluo, numero_vivienda)
  VALUES (119, 'HOG119', ST_SetSRID(ST_MakePoint(-69.97765302658082, -15.875747276019966), 4326), 'Jayllihuaya', 'Material noble', 57300.0, '2');
INSERT INTO tributos (id_predio, id_contribuyente, monto_impuesto, pago_impuesto, monto_arbitrios, pago_arbitrios, ingreso_familiar, cantidad_personas, nivel_educativo_jefe, servicios_basicos)
  VALUES (119, 119, 142.0, FALSE, 89.0, FALSE, 1146.0, 6, 'Primaria', 'Completo');
INSERT INTO predios (id_predio, codigo_catastral, geom, sector, tipo_vivienda, autovaluo, numero_vivienda)
  VALUES (120, 'HOG120', ST_SetSRID(ST_MakePoint(-69.97733116149904, -15.875711157388455), 4326), 'Jayllihuaya', 'Rústica', 28700.0, '3');
INSERT INTO tributos (id_predio, id_contribuyente, monto_impuesto, pago_impuesto, monto_arbitrios, pago_arbitrios, ingreso_familiar, cantidad_personas, nivel_educativo_jefe, servicios_basicos)
  VALUES (120, 120, 20.0, TRUE, 111.0, FALSE, 574.0, 3, 'Primaria', 'Completo');
INSERT INTO predios (id_predio, codigo_catastral, geom, sector, tipo_vivienda, autovaluo, numero_vivienda)
  VALUES (121, 'HOG121', ST_SetSRID(ST_MakePoint(-69.97683227062227, -15.875494445463412), 4326), 'Jayllihuaya', 'Material noble', 55850.0, '2');
INSERT INTO tributos (id_predio, id_contribuyente, monto_impuesto, pago_impuesto, monto_arbitrios, pago_arbitrios, ingreso_familiar, cantidad_personas, nivel_educativo_jefe, servicios_basicos)
  VALUES (121, 121, 136.0, FALSE, 60.0, FALSE, 1117.0, 2, 'Superior técnica', 'Completo');
INSERT INTO predios (id_predio, codigo_catastral, geom, sector, tipo_vivienda, autovaluo, numero_vivienda)
  VALUES (122, 'HOG122', ST_SetSRID(ST_MakePoint(-69.97701466083528, -15.875638920106018), 4326), 'Jayllihuaya', 'Rústica', 69950.0, '1');
INSERT INTO tributos (id_predio, id_contribuyente, monto_impuesto, pago_impuesto, monto_arbitrios, pago_arbitrios, ingreso_familiar, cantidad_personas, nivel_educativo_jefe, servicios_basicos)
  VALUES (122, 122, 72.0, TRUE, 95.0, TRUE, 1399.0, 7, 'Secundaria', 'Completo');
INSERT INTO predios (id_predio, codigo_catastral, geom, sector, tipo_vivienda, autovaluo, numero_vivienda)
  VALUES (123, 'HOG123', ST_SetSRID(ST_MakePoint(-69.97728288173677, -15.876025905245388), 4326), 'Jayllihuaya', 'Rústica', 106400.0, '1');
INSERT INTO tributos (id_predio, id_contribuyente, monto_impuesto, pago_impuesto, monto_arbitrios, pago_arbitrios, ingreso_familiar, cantidad_personas, nivel_educativo_jefe, servicios_basicos)
  VALUES (123, 123, 121.0, TRUE, 75.0, FALSE, 2128.0, 3, 'Secundaria', 'Completo');
INSERT INTO predios (id_predio, codigo_catastral, geom, sector, tipo_vivienda, autovaluo, numero_vivienda)
  VALUES (124, 'HOG124', ST_SetSRID(ST_MakePoint(-69.97766911983491, -15.876010425854087), 4326), 'Jayllihuaya', 'Rústica', 106200.0, '2');
INSERT INTO tributos (id_predio, id_contribuyente, monto_impuesto, pago_impuesto, monto_arbitrios, pago_arbitrios, ingreso_familiar, cantidad_personas, nivel_educativo_jefe, servicios_basicos)
  VALUES (124, 124, 69.0, FALSE, 111.0, FALSE, 2124.0, 5, 'Secundaria', 'Completo');
INSERT INTO predios (id_predio, codigo_catastral, geom, sector, tipo_vivienda, autovaluo, numero_vivienda)
  VALUES (125, 'HOG125', ST_SetSRID(ST_MakePoint(-69.97718632221223, -15.875509924894354), 4326), 'Jayllihuaya', 'Rústica', 83500.0, '1');
INSERT INTO tributos (id_predio, id_contribuyente, monto_impuesto, pago_impuesto, monto_arbitrios, pago_arbitrios, ingreso_familiar, cantidad_personas, nivel_educativo_jefe, servicios_basicos)
  VALUES (125, 125, 115.0, FALSE, 83.0, TRUE, 1670.0, 3, 'Secundaria', 'Completo');
INSERT INTO predios (id_predio, codigo_catastral, geom, sector, tipo_vivienda, autovaluo, numero_vivienda)
  VALUES (126, 'HOG126', ST_SetSRID(ST_MakePoint(-69.97777640819551, -15.875308692199257), 4326), 'Jayllihuaya', 'Rústica', 28000.0, '4');
INSERT INTO tributos (id_predio, id_contribuyente, monto_impuesto, pago_impuesto, monto_arbitrios, pago_arbitrios, ingreso_familiar, cantidad_personas, nivel_educativo_jefe, servicios_basicos)
  VALUES (126, 126, 70.0, TRUE, 23.0, FALSE, 560.0, 5, 'Superior técnica', 'Sin servicio');
INSERT INTO predios (id_predio, codigo_catastral, geom, sector, tipo_vivienda, autovaluo, numero_vivienda)
  VALUES (127, 'HOG127', ST_SetSRID(ST_MakePoint(-69.97834503650667, -15.87519517623129), 4326), 'Jayllihuaya', 'Material noble', 57150.0, '2');
INSERT INTO tributos (id_predio, id_contribuyente, monto_impuesto, pago_impuesto, monto_arbitrios, pago_arbitrios, ingreso_familiar, cantidad_personas, nivel_educativo_jefe, servicios_basicos)
  VALUES (127, 127, 127.0, TRUE, 54.0, FALSE, 1143.0, 5, 'Superior universitaria', 'Sin servicio');
INSERT INTO predios (id_predio, codigo_catastral, geom, sector, tipo_vivienda, autovaluo, numero_vivienda)
  VALUES (128, 'HOG128', ST_SetSRID(ST_MakePoint(-69.97886002063753, -15.875143578042898), 4326), 'Jayllihuaya', 'Rústica', 105550.0, '2');
INSERT INTO tributos (id_predio, id_contribuyente, monto_impuesto, pago_impuesto, monto_arbitrios, pago_arbitrios, ingreso_familiar, cantidad_personas, nivel_educativo_jefe, servicios_basicos)
  VALUES (128, 128, 86.0, FALSE, 68.0, FALSE, 2111.0, 4, 'Superior técnica', 'Completo');
INSERT INTO predios (id_predio, codigo_catastral, geom, sector, tipo_vivienda, autovaluo, numero_vivienda)
  VALUES (129, 'HOG129', ST_SetSRID(ST_MakePoint(-69.97867763042451, -15.874962984279446), 4326), 'Jayllihuaya', 'Material noble', 84900.0, '3');
INSERT INTO tributos (id_predio, id_contribuyente, monto_impuesto, pago_impuesto, monto_arbitrios, pago_arbitrios, ingreso_familiar, cantidad_personas, nivel_educativo_jefe, servicios_basicos)
  VALUES (129, 129, 126.0, TRUE, 34.0, TRUE, 1698.0, 5, 'Superior técnica', 'Incompleto');
INSERT INTO predios (id_predio, codigo_catastral, geom, sector, tipo_vivienda, autovaluo, numero_vivienda)
  VALUES (130, 'HOG130', ST_SetSRID(ST_MakePoint(-69.97801244258882, -15.874555357761158), 4326), 'Jayllihuaya', 'Rústica', 29950.0, '3');
INSERT INTO tributos (id_predio, id_contribuyente, monto_impuesto, pago_impuesto, monto_arbitrios, pago_arbitrios, ingreso_familiar, cantidad_personas, nivel_educativo_jefe, servicios_basicos)
  VALUES (130, 130, 65.0, TRUE, 58.0, TRUE, 599.0, 4, 'Secundaria', 'Incompleto');
INSERT INTO predios (id_predio, codigo_catastral, geom, sector, tipo_vivienda, autovaluo, numero_vivienda)
  VALUES (131, 'HOG131', ST_SetSRID(ST_MakePoint(-69.97785151004793, -15.874328324912394), 4326), 'Jayllihuaya', 'Material noble', 83300.0, '1');
INSERT INTO tributos (id_predio, id_contribuyente, monto_impuesto, pago_impuesto, monto_arbitrios, pago_arbitrios, ingreso_familiar, cantidad_personas, nivel_educativo_jefe, servicios_basicos)
  VALUES (131, 131, 119.0, TRUE, 87.0, TRUE, 1666.0, 5, 'Secundaria', 'Completo');
INSERT INTO predios (id_predio, codigo_catastral, geom, sector, tipo_vivienda, autovaluo, numero_vivienda)
  VALUES (132, 'HOG132', ST_SetSRID(ST_MakePoint(-69.9782967567444, -15.874312845390653), 4326), 'Jayllihuaya', 'Rústica', 68700.0, '1');
INSERT INTO tributos (id_predio, id_contribuyente, monto_impuesto, pago_impuesto, monto_arbitrios, pago_arbitrios, ingreso_familiar, cantidad_personas, nivel_educativo_jefe, servicios_basicos)
  VALUES (132, 132, 47.0, FALSE, 118.0, FALSE, 1374.0, 5, 'Primaria', 'Completo');
INSERT INTO predios (id_predio, codigo_catastral, geom, sector, tipo_vivienda, autovaluo, numero_vivienda)
  VALUES (133, 'HOG133', ST_SetSRID(ST_MakePoint(-69.97859716415407, -15.874173529641554), 4326), 'Jayllihuaya', 'Material noble', 98700.0, '2');
INSERT INTO tributos (id_predio, id_contribuyente, monto_impuesto, pago_impuesto, monto_arbitrios, pago_arbitrios, ingreso_familiar, cantidad_personas, nivel_educativo_jefe, servicios_basicos)
  VALUES (133, 133, 124.0, FALSE, 100.0, TRUE, 1974.0, 4, 'Primaria', 'Incompleto');
INSERT INTO predios (id_predio, codigo_catastral, geom, sector, tipo_vivienda, autovaluo, numero_vivienda)
  VALUES (134, 'HOG134', ST_SetSRID(ST_MakePoint(-69.97877955436708, -15.873977455461084), 4326), 'Jayllihuaya', 'Material noble', 73450.0, '1');
INSERT INTO tributos (id_predio, id_contribuyente, monto_impuesto, pago_impuesto, monto_arbitrios, pago_arbitrios, ingreso_familiar, cantidad_personas, nivel_educativo_jefe, servicios_basicos)
  VALUES (134, 134, 129.0, TRUE, 83.0, TRUE, 1469.0, 4, 'Primaria', 'Completo');
INSERT INTO predios (id_predio, codigo_catastral, geom, sector, tipo_vivienda, autovaluo, numero_vivienda)
  VALUES (135, 'HOG135', ST_SetSRID(ST_MakePoint(-69.97884929180147, -15.874158050107917), 4326), 'Jayllihuaya', 'Rústica', 77850.0, '2');
INSERT INTO tributos (id_predio, id_contribuyente, monto_impuesto, pago_impuesto, monto_arbitrios, pago_arbitrios, ingreso_familiar, cantidad_personas, nivel_educativo_jefe, servicios_basicos)
  VALUES (135, 135, 48.0, TRUE, 32.0, FALSE, 1557.0, 6, 'Secundaria', 'Incompleto');
INSERT INTO predios (id_predio, codigo_catastral, geom, sector, tipo_vivienda, autovaluo, numero_vivienda)
  VALUES (136, 'HOG136', ST_SetSRID(ST_MakePoint(-69.97929990291597, -15.875035221804254), 4326), 'Jayllihuaya', 'Rústica', 80050.0, '2');
INSERT INTO tributos (id_predio, id_contribuyente, monto_impuesto, pago_impuesto, monto_arbitrios, pago_arbitrios, ingreso_familiar, cantidad_personas, nivel_educativo_jefe, servicios_basicos)
  VALUES (136, 136, 66.0, FALSE, 114.0, TRUE, 1601.0, 4, 'Secundaria', 'Completo');
INSERT INTO predios (id_predio, codigo_catastral, geom, sector, tipo_vivienda, autovaluo, numero_vivienda)
  VALUES (137, 'HOG137', ST_SetSRID(ST_MakePoint(-69.97955203056337, -15.875086820020405), 4326), 'Jayllihuaya', 'Rústica', 72700.0, '2');
INSERT INTO tributos (id_predio, id_contribuyente, monto_impuesto, pago_impuesto, monto_arbitrios, pago_arbitrios, ingreso_familiar, cantidad_personas, nivel_educativo_jefe, servicios_basicos)
  VALUES (137, 137, 56.0, TRUE, 91.0, TRUE, 1454.0, 7, 'Primaria', 'Completo');
INSERT INTO predios (id_predio, codigo_catastral, geom, sector, tipo_vivienda, autovaluo, numero_vivienda)
  VALUES (138, 'HOG138', ST_SetSRID(ST_MakePoint(-69.97928380966188, -15.875324171644474), 4326), 'Jayllihuaya', 'Rústica', 82350.0, '3');
INSERT INTO tributos (id_predio, id_contribuyente, monto_impuesto, pago_impuesto, monto_arbitrios, pago_arbitrios, ingreso_familiar, cantidad_personas, nivel_educativo_jefe, servicios_basicos)
  VALUES (138, 138, 82.0, FALSE, 145.0, TRUE, 1647.0, 4, 'Secundaria', 'Completo');
INSERT INTO predios (id_predio, codigo_catastral, geom, sector, tipo_vivienda, autovaluo, numero_vivienda)
  VALUES (139, 'HOG139', ST_SetSRID(ST_MakePoint(-69.97943937778474, -15.875525404324115), 4326), 'Jayllihuaya', 'Rústica', 53850.0, '1');
INSERT INTO tributos (id_predio, id_contribuyente, monto_impuesto, pago_impuesto, monto_arbitrios, pago_arbitrios, ingreso_familiar, cantidad_personas, nivel_educativo_jefe, servicios_basicos)
  VALUES (139, 139, 67.0, FALSE, 73.0, TRUE, 1077.0, 8, 'Primaria', 'Incompleto');
INSERT INTO predios (id_predio, codigo_catastral, geom, sector, tipo_vivienda, autovaluo, numero_vivienda)
  VALUES (140, 'HOG140', ST_SetSRID(ST_MakePoint(-69.97933208942415, -15.875705997583426), 4326), 'Jayllihuaya', 'Rústica', 115300.0, '1');
INSERT INTO tributos (id_predio, id_contribuyente, monto_impuesto, pago_impuesto, monto_arbitrios, pago_arbitrios, ingreso_familiar, cantidad_personas, nivel_educativo_jefe, servicios_basicos)
  VALUES (140, 140, 48.0, TRUE, 146.0, FALSE, 2306.0, 5, 'Secundaria', 'Completo');
INSERT INTO predios (id_predio, codigo_catastral, geom, sector, tipo_vivienda, autovaluo, numero_vivienda)
  VALUES (141, 'HOG141', ST_SetSRID(ST_MakePoint(-69.97943937778474, -15.875902070081674), 4326), 'Jayllihuaya', 'Rústica', 121000.0, '1');
INSERT INTO tributos (id_predio, id_contribuyente, monto_impuesto, pago_impuesto, monto_arbitrios, pago_arbitrios, ingreso_familiar, cantidad_personas, nivel_educativo_jefe, servicios_basicos)
  VALUES (141, 141, 54.0, TRUE, 103.0, TRUE, 2420.0, 4, 'Secundaria', 'Completo');
INSERT INTO predios (id_predio, codigo_catastral, geom, sector, tipo_vivienda, autovaluo, numero_vivienda)
  VALUES (142, 'HOG142', ST_SetSRID(ST_MakePoint(-69.97901558876039, -15.875762755431497), 4326), 'Jayllihuaya', 'Rústica', 68950.0, '1');
INSERT INTO tributos (id_predio, id_contribuyente, monto_impuesto, pago_impuesto, monto_arbitrios, pago_arbitrios, ingreso_familiar, cantidad_personas, nivel_educativo_jefe, servicios_basicos)
  VALUES (142, 142, 35.0, FALSE, 83.0, TRUE, 1379.0, 4, 'Primaria', 'Incompleto');
INSERT INTO predios (id_predio, codigo_catastral, geom, sector, tipo_vivienda, autovaluo, numero_vivienda)
  VALUES (143, 'HOG143', ST_SetSRID(ST_MakePoint(-69.97907459735872, -15.876180699093007), 4326), 'Jayllihuaya', 'Rústica', 88950.0, '1');
INSERT INTO tributos (id_predio, id_contribuyente, monto_impuesto, pago_impuesto, monto_arbitrios, pago_arbitrios, ingreso_familiar, cantidad_personas, nivel_educativo_jefe, servicios_basicos)
  VALUES (143, 143, 57.0, FALSE, 47.0, TRUE, 1779.0, 3, 'Superior técnica', 'Sin servicio');
INSERT INTO predios (id_predio, codigo_catastral, geom, sector, tipo_vivienda, autovaluo, numero_vivienda)
  VALUES (144, 'HOG144', ST_SetSRID(ST_MakePoint(-69.97893512248994, -15.876309693875156), 4326), 'Jayllihuaya', 'Material noble', 91350.0, '1');
INSERT INTO tributos (id_predio, id_contribuyente, monto_impuesto, pago_impuesto, monto_arbitrios, pago_arbitrios, ingreso_familiar, cantidad_personas, nivel_educativo_jefe, servicios_basicos)
  VALUES (144, 144, 46.0, TRUE, 55.0, FALSE, 1827.0, 3, 'Primaria', 'Incompleto');
INSERT INTO predios (id_predio, codigo_catastral, geom, sector, tipo_vivienda, autovaluo, numero_vivienda)
  VALUES (145, 'HOG145', ST_SetSRID(ST_MakePoint(-69.97876346111299, -15.876438688574725), 4326), 'Jayllihuaya', 'Material noble', 56700.0, '1');
INSERT INTO tributos (id_predio, id_contribuyente, monto_impuesto, pago_impuesto, monto_arbitrios, pago_arbitrios, ingreso_familiar, cantidad_personas, nivel_educativo_jefe, servicios_basicos)
  VALUES (145, 145, 74.0, FALSE, 78.0, FALSE, 1134.0, 6, 'Primaria', 'Completo');
INSERT INTO predios (id_predio, codigo_catastral, geom, sector, tipo_vivienda, autovaluo, numero_vivienda)
  VALUES (146, 'HOG146', ST_SetSRID(ST_MakePoint(-69.9786025285721, -15.876572842974644), 4326), 'Jayllihuaya', 'Material noble', 81400.0, '2');
INSERT INTO tributos (id_predio, id_contribuyente, monto_impuesto, pago_impuesto, monto_arbitrios, pago_arbitrios, ingreso_familiar, cantidad_personas, nivel_educativo_jefe, servicios_basicos)
  VALUES (146, 146, 151.0, TRUE, 90.0, TRUE, 1628.0, 4, 'Secundaria', 'Completo');
INSERT INTO predios (id_predio, codigo_catastral, geom, sector, tipo_vivienda, autovaluo, numero_vivienda)
  VALUES (147, 'HOG147', ST_SetSRID(ST_MakePoint(-69.97842550277711, -15.876665719045322), 4326), 'Jayllihuaya', 'Rústica', 94150.0, '4');
INSERT INTO tributos (id_predio, id_contribuyente, monto_impuesto, pago_impuesto, monto_arbitrios, pago_arbitrios, ingreso_familiar, cantidad_personas, nivel_educativo_jefe, servicios_basicos)
  VALUES (147, 147, 72.0, FALSE, 119.0, TRUE, 1883.0, 3, 'Primaria', 'Completo');
INSERT INTO predios (id_predio, codigo_catastral, geom, sector, tipo_vivienda, autovaluo, numero_vivienda)
  VALUES (148, 'HOG148', ST_SetSRID(ST_MakePoint(-69.97787833213808, -15.875644079912753), 4326), 'Jayllihuaya', 'Material noble', 72250.0, '1');
INSERT INTO tributos (id_predio, id_contribuyente, monto_impuesto, pago_impuesto, monto_arbitrios, pago_arbitrios, ingreso_familiar, cantidad_personas, nivel_educativo_jefe, servicios_basicos)
  VALUES (148, 148, 105.0, FALSE, 93.0, TRUE, 1445.0, 2, 'Primaria', 'Incompleto');
INSERT INTO predios (id_predio, codigo_catastral, geom, sector, tipo_vivienda, autovaluo, numero_vivienda)
  VALUES (149, 'HOG149', ST_SetSRID(ST_MakePoint(-69.97822701931001, -15.875494445463412), 4326), 'Jayllihuaya', 'Rústica', 108350.0, '2');
INSERT INTO tributos (id_predio, id_contribuyente, monto_impuesto, pago_impuesto, monto_arbitrios, pago_arbitrios, ingreso_familiar, cantidad_personas, nivel_educativo_jefe, servicios_basicos)
  VALUES (149, 149, 56.0, FALSE, 57.0, TRUE, 2167.0, 3, 'Secundaria', 'Incompleto');
INSERT INTO predios (id_predio, codigo_catastral, geom, sector, tipo_vivienda, autovaluo, numero_vivienda)
  VALUES (150, 'HOG150', ST_SetSRID(ST_MakePoint(-69.97858107089998, -15.87620649805605), 4326), 'Jayllihuaya', 'Material noble', 71950.0, '1');
INSERT INTO tributos (id_predio, id_contribuyente, monto_impuesto, pago_impuesto, monto_arbitrios, pago_arbitrios, ingreso_familiar, cantidad_personas, nivel_educativo_jefe, servicios_basicos)
  VALUES (150, 150, 127.0, TRUE, 116.0, TRUE, 1439.0, 6, 'Primaria', 'Completo');
INSERT INTO predios (id_predio, codigo_catastral, geom, sector, tipo_vivienda, autovaluo, numero_vivienda)
  VALUES (151, 'HOG151', ST_SetSRID(ST_MakePoint(-69.97822165489198, -15.876402570067166), 4326), 'Jayllihuaya', 'Material noble', 98450.0, '1');
INSERT INTO tributos (id_predio, id_contribuyente, monto_impuesto, pago_impuesto, monto_arbitrios, pago_arbitrios, ingreso_familiar, cantidad_personas, nivel_educativo_jefe, servicios_basicos)
  VALUES (151, 151, 79.0, TRUE, 127.0, TRUE, 1969.0, 3, 'Primaria', 'Completo');
INSERT INTO predios (id_predio, codigo_catastral, geom, sector, tipo_vivienda, autovaluo, numero_vivienda)
  VALUES (152, 'HOG152', ST_SetSRID(ST_MakePoint(-69.97899413108827, -15.876557363625352), 4326), 'Jayllihuaya', 'Rústica', 119300.0, '4');
INSERT INTO tributos (id_predio, id_contribuyente, monto_impuesto, pago_impuesto, monto_arbitrios, pago_arbitrios, ingreso_familiar, cantidad_personas, nivel_educativo_jefe, servicios_basicos)
  VALUES (152, 152, 42.0, TRUE, 80.0, FALSE, 2386.0, 6, 'Primaria', 'Completo');
INSERT INTO predios (id_predio, codigo_catastral, geom, sector, tipo_vivienda, autovaluo, numero_vivienda)
  VALUES (153, 'HOG153', ST_SetSRID(ST_MakePoint(-69.97876346111299, -15.876748275516652), 4326), 'Jayllihuaya', 'Rústica', 31700.0, '2');
INSERT INTO tributos (id_predio, id_contribuyente, monto_impuesto, pago_impuesto, monto_arbitrios, pago_arbitrios, ingreso_familiar, cantidad_personas, nivel_educativo_jefe, servicios_basicos)
  VALUES (153, 153, 59.0, FALSE, 94.0, TRUE, 634.0, 8, 'Secundaria', 'Completo');
INSERT INTO predios (id_predio, codigo_catastral, geom, sector, tipo_vivienda, autovaluo, numero_vivienda)
  VALUES (154, 'HOG154', ST_SetSRID(ST_MakePoint(-69.97858643531801, -15.876897909034701), 4326), 'Jayllihuaya', 'Rústica', 88650.0, '1');
INSERT INTO tributos (id_predio, id_contribuyente, monto_impuesto, pago_impuesto, monto_arbitrios, pago_arbitrios, ingreso_familiar, cantidad_personas, nivel_educativo_jefe, servicios_basicos)
  VALUES (154, 154, 84.0, TRUE, 48.0, TRUE, 1773.0, 4, 'Primaria', 'Incompleto');
INSERT INTO predios (id_predio, codigo_catastral, geom, sector, tipo_vivienda, autovaluo, numero_vivienda)
  VALUES (155, 'HOG155', ST_SetSRID(ST_MakePoint(-69.9794125556946, -15.876242616598747), 4326), 'Jayllihuaya', 'Rústica', 75750.0, '1');
INSERT INTO tributos (id_predio, id_contribuyente, monto_impuesto, pago_impuesto, monto_arbitrios, pago_arbitrios, ingreso_familiar, cantidad_personas, nivel_educativo_jefe, servicios_basicos)
  VALUES (155, 155, 103.0, TRUE, 37.0, TRUE, 1515.0, 5, 'Primaria', 'Incompleto');
INSERT INTO predios (id_predio, codigo_catastral, geom, sector, tipo_vivienda, autovaluo, numero_vivienda)
  VALUES (156, 'HOG156', ST_SetSRID(ST_MakePoint(-69.9795949459076, -15.876397410279845), 4326), 'Jayllihuaya', 'Rústica', 65850.0, '1');
INSERT INTO tributos (id_predio, id_contribuyente, monto_impuesto, pago_impuesto, monto_arbitrios, pago_arbitrios, ingreso_familiar, cantidad_personas, nivel_educativo_jefe, servicios_basicos)
  VALUES (156, 156, 41.0, TRUE, 93.0, TRUE, 1317.0, 3, 'Secundaria', 'Completo');
INSERT INTO predios (id_predio, codigo_catastral, geom, sector, tipo_vivienda, autovaluo, numero_vivienda)
  VALUES (157, 'HOG157', ST_SetSRID(ST_MakePoint(-69.97984170913698, -15.876325173243467), 4326), 'Jayllihuaya', 'Rústica', 49600.0, '3');
INSERT INTO tributos (id_predio, id_contribuyente, monto_impuesto, pago_impuesto, monto_arbitrios, pago_arbitrios, ingreso_familiar, cantidad_personas, nivel_educativo_jefe, servicios_basicos)
  VALUES (157, 157, 47.0, FALSE, 40.0, TRUE, 992.0, 2, 'Superior técnica', 'Incompleto');
INSERT INTO predios (id_predio, codigo_catastral, geom, sector, tipo_vivienda, autovaluo, numero_vivienda)
  VALUES (158, 'HOG158', ST_SetSRID(ST_MakePoint(-69.97993826866151, -15.875509924894354), 4326), 'Jayllihuaya', 'Material noble', 49250.0, '1');
INSERT INTO tributos (id_predio, id_contribuyente, monto_impuesto, pago_impuesto, monto_arbitrios, pago_arbitrios, ingreso_familiar, cantidad_personas, nivel_educativo_jefe, servicios_basicos)
  VALUES (158, 158, 157.0, TRUE, 55.0, FALSE, 985.0, 2, 'Primaria', 'Completo');
INSERT INTO predios (id_predio, codigo_catastral, geom, sector, tipo_vivienda, autovaluo, numero_vivienda)
  VALUES (159, 'HOG159', ST_SetSRID(ST_MakePoint(-69.97978806495668, -15.875654399525867), 4326), 'Jayllihuaya', 'Rústica', 71450.0, '1');
INSERT INTO tributos (id_predio, id_contribuyente, monto_impuesto, pago_impuesto, monto_arbitrios, pago_arbitrios, ingreso_familiar, cantidad_personas, nivel_educativo_jefe, servicios_basicos)
  VALUES (159, 159, 54.0, TRUE, 103.0, TRUE, 1429.0, 4, 'Primaria', 'Completo');
INSERT INTO predios (id_predio, codigo_catastral, geom, sector, tipo_vivienda, autovaluo, numero_vivienda)
  VALUES (160, 'HOG160', ST_SetSRID(ST_MakePoint(-69.97987926006319, -15.875076500378233), 4326), 'Jayllihuaya', 'Rústica', 67450.0, '1');
INSERT INTO tributos (id_predio, id_contribuyente, monto_impuesto, pago_impuesto, monto_arbitrios, pago_arbitrios, ingreso_familiar, cantidad_personas, nivel_educativo_jefe, servicios_basicos)
  VALUES (160, 160, 64.0, FALSE, 41.0, TRUE, 1349.0, 6, 'Secundaria', 'Incompleto');
INSERT INTO predios (id_predio, codigo_catastral, geom, sector, tipo_vivienda, autovaluo, numero_vivienda)
  VALUES (161, 'HOG161', ST_SetSRID(ST_MakePoint(-69.9790531396866, -15.8747565912087), 4326), 'Jayllihuaya', 'Material noble', 82000.0, '3');
INSERT INTO tributos (id_predio, id_contribuyente, monto_impuesto, pago_impuesto, monto_arbitrios, pago_arbitrios, ingreso_familiar, cantidad_personas, nivel_educativo_jefe, servicios_basicos)
  VALUES (161, 161, 124.0, FALSE, 51.0, TRUE, 1640.0, 6, 'Primaria', 'Incompleto');
INSERT INTO predios (id_predio, codigo_catastral, geom, sector, tipo_vivienda, autovaluo, numero_vivienda)
  VALUES (162, 'HOG162', ST_SetSRID(ST_MakePoint(-69.9795573949814, -15.874663714257885), 4326), 'Jayllihuaya', 'Material noble', 70900.0, '3');
INSERT INTO tributos (id_predio, id_contribuyente, monto_impuesto, pago_impuesto, monto_arbitrios, pago_arbitrios, ingreso_familiar, cantidad_personas, nivel_educativo_jefe, servicios_basicos)
  VALUES (162, 162, 148.0, TRUE, 71.0, FALSE, 1418.0, 5, 'Superior técnica', 'Completo');
INSERT INTO predios (id_predio, codigo_catastral, geom, sector, tipo_vivienda, autovaluo, numero_vivienda)
  VALUES (163, 'HOG163', ST_SetSRID(ST_MakePoint(-69.97979342937471, -15.874617275766424), 4326), 'Jayllihuaya', 'Rústica', 67550.0, '1');
INSERT INTO tributos (id_predio, id_contribuyente, monto_impuesto, pago_impuesto, monto_arbitrios, pago_arbitrios, ingreso_familiar, cantidad_personas, nivel_educativo_jefe, servicios_basicos)
  VALUES (163, 163, 62.0, TRUE, 79.0, FALSE, 1351.0, 5, 'Superior técnica', 'Incompleto');
INSERT INTO predios (id_predio, codigo_catastral, geom, sector, tipo_vivienda, autovaluo, numero_vivienda)
  VALUES (164, 'HOG164', ST_SetSRID(ST_MakePoint(-69.98019039630891, -15.874648234761919), 4326), 'Jayllihuaya', 'Material noble', 75050.0, '1');
INSERT INTO tributos (id_predio, id_contribuyente, monto_impuesto, pago_impuesto, monto_arbitrios, pago_arbitrios, ingreso_familiar, cantidad_personas, nivel_educativo_jefe, servicios_basicos)
  VALUES (164, 164, 163.0, FALSE, 133.0, TRUE, 1501.0, 4, 'Secundaria', 'Completo');
INSERT INTO predios (id_predio, codigo_catastral, geom, sector, tipo_vivienda, autovaluo, numero_vivienda)
  VALUES (165, 'HOG165', ST_SetSRID(ST_MakePoint(-69.97994899749757, -15.874715312569187), 4326), 'Jayllihuaya', 'Rústica', 62200.0, '2');
INSERT INTO tributos (id_predio, id_contribuyente, monto_impuesto, pago_impuesto, monto_arbitrios, pago_arbitrios, ingreso_familiar, cantidad_personas, nivel_educativo_jefe, servicios_basicos)
  VALUES (165, 165, 61.0, TRUE, 109.0, TRUE, 1244.0, 4, 'Superior técnica', 'Completo');
INSERT INTO predios (id_predio, codigo_catastral, geom, sector, tipo_vivienda, autovaluo, numero_vivienda)
  VALUES (166, 'HOG166', ST_SetSRID(ST_MakePoint(-69.98027622699739, -15.875215815502964), 4326), 'Jayllihuaya', 'Rústica', 124150.0, '5');
INSERT INTO tributos (id_predio, id_contribuyente, monto_impuesto, pago_impuesto, monto_arbitrios, pago_arbitrios, ingreso_familiar, cantidad_personas, nivel_educativo_jefe, servicios_basicos)
  VALUES (166, 166, 95.0, TRUE, 64.0, TRUE, 2483.0, 5, 'Superior técnica', 'Completo');
INSERT INTO predios (id_predio, codigo_catastral, geom, sector, tipo_vivienda, autovaluo, numero_vivienda)
  VALUES (167, 'HOG167', ST_SetSRID(ST_MakePoint(-69.98046934604646, -15.875365450159258), 4326), 'Jayllihuaya', 'Material noble', 100100.0, '1');
INSERT INTO tributos (id_predio, id_contribuyente, monto_impuesto, pago_impuesto, monto_arbitrios, pago_arbitrios, ingreso_familiar, cantidad_personas, nivel_educativo_jefe, servicios_basicos)
  VALUES (167, 167, 138.0, FALSE, 71.0, TRUE, 2002.0, 4, 'Secundaria', 'Incompleto');
INSERT INTO predios (id_predio, codigo_catastral, geom, sector, tipo_vivienda, autovaluo, numero_vivienda)
  VALUES (168, 'HOG168', ST_SetSRID(ST_MakePoint(-69.97856497764589, -15.875205495867394), 4326), 'Jayllihuaya', 'Material noble', 77350.0, '2');
INSERT INTO tributos (id_predio, id_contribuyente, monto_impuesto, pago_impuesto, monto_arbitrios, pago_arbitrios, ingreso_familiar, cantidad_personas, nivel_educativo_jefe, servicios_basicos)
  VALUES (168, 168, 180.0, FALSE, 69.0, FALSE, 1547.0, 2, 'Superior técnica', 'Completo');
INSERT INTO predios (id_predio, codigo_catastral, geom, sector, tipo_vivienda, autovaluo, numero_vivienda)
  VALUES (169, 'HOG169', ST_SetSRID(ST_MakePoint(-69.9781519174576, -15.874730792060001), 4326), 'Jayllihuaya', 'Material noble', 98750.0, '1');
INSERT INTO tributos (id_predio, id_contribuyente, monto_impuesto, pago_impuesto, monto_arbitrios, pago_arbitrios, ingreso_familiar, cantidad_personas, nivel_educativo_jefe, servicios_basicos)
  VALUES (169, 169, 165.0, TRUE, 66.0, FALSE, 1975.0, 3, 'Superior técnica', 'Completo');
INSERT INTO predios (id_predio, codigo_catastral, geom, sector, tipo_vivienda, autovaluo, numero_vivienda)
  VALUES (170, 'HOG170', ST_SetSRID(ST_MakePoint(-69.97828602790834, -15.874911386031577), 4326), 'Jayllihuaya', 'Rústica', 65550.0, '2');
INSERT INTO tributos (id_predio, id_contribuyente, monto_impuesto, pago_impuesto, monto_arbitrios, pago_arbitrios, ingreso_familiar, cantidad_personas, nivel_educativo_jefe, servicios_basicos)
  VALUES (170, 170, 79.0, TRUE, 69.0, TRUE, 1311.0, 4, 'Superior universitaria', 'Completo');
INSERT INTO predios (id_predio, codigo_catastral, geom, sector, tipo_vivienda, autovaluo, numero_vivienda)
  VALUES (171, 'HOG171', ST_SetSRID(ST_MakePoint(-69.97715950012208, -15.8751280985838), 4326), 'Jayllihuaya', 'Rústica', 58050.0, '1');
INSERT INTO tributos (id_predio, id_contribuyente, monto_impuesto, pago_impuesto, monto_arbitrios, pago_arbitrios, ingreso_familiar, cantidad_personas, nivel_educativo_jefe, servicios_basicos)
  VALUES (171, 171, 55.0, FALSE, 123.0, TRUE, 1161.0, 3, 'Primaria', 'Completo');
INSERT INTO predios (id_predio, codigo_catastral, geom, sector, tipo_vivienda, autovaluo, numero_vivienda)
  VALUES (172, 'HOG172', ST_SetSRID(ST_MakePoint(-69.9776476621628, -15.874926865507328), 4326), 'Jayllihuaya', 'Rústica', 97900.0, '5');
INSERT INTO tributos (id_predio, id_contribuyente, monto_impuesto, pago_impuesto, monto_arbitrios, pago_arbitrios, ingreso_familiar, cantidad_personas, nivel_educativo_jefe, servicios_basicos)
  VALUES (172, 172, 64.0, TRUE, 97.0, FALSE, 1958.0, 2, 'Secundaria', 'Completo');
INSERT INTO predios (id_predio, codigo_catastral, geom, sector, tipo_vivienda, autovaluo, numero_vivienda)
  VALUES (173, 'HOG173', ST_SetSRID(ST_MakePoint(-69.97745990753175, -15.875886590680857), 4326), 'Jayllihuaya', 'Material noble', 66700.0, '1');
INSERT INTO tributos (id_predio, id_contribuyente, monto_impuesto, pago_impuesto, monto_arbitrios, pago_arbitrios, ingreso_familiar, cantidad_personas, nivel_educativo_jefe, servicios_basicos)
  VALUES (173, 173, 58.0, FALSE, 92.0, TRUE, 1334.0, 4, 'Superior técnica', 'Completo');
INSERT INTO predios (id_predio, codigo_catastral, geom, sector, tipo_vivienda, autovaluo, numero_vivienda)
  VALUES (174, 'HOG174', ST_SetSRID(ST_MakePoint(-69.9778997898102, -15.876046544431949), 4326), 'Jayllihuaya', 'Rústica', 60750.0, '1');
INSERT INTO tributos (id_predio, id_contribuyente, monto_impuesto, pago_impuesto, monto_arbitrios, pago_arbitrios, ingreso_familiar, cantidad_personas, nivel_educativo_jefe, servicios_basicos)
  VALUES (174, 174, 60.0, TRUE, 53.0, FALSE, 1215.0, 3, 'Superior técnica', 'Completo');
INSERT INTO predios (id_predio, codigo_catastral, geom, sector, tipo_vivienda, autovaluo, numero_vivienda)
  VALUES (175, 'HOG175', ST_SetSRID(ST_MakePoint(-69.97856497764589, -15.875860791676848), 4326), 'Jayllihuaya', 'Rústica', 91900.0, '1');
INSERT INTO tributos (id_predio, id_contribuyente, monto_impuesto, pago_impuesto, monto_arbitrios, pago_arbitrios, ingreso_familiar, cantidad_personas, nivel_educativo_jefe, servicios_basicos)
  VALUES (175, 175, 41.0, TRUE, 61.0, TRUE, 1838.0, 7, 'Secundaria', 'Completo');
INSERT INTO predios (id_predio, codigo_catastral, geom, sector, tipo_vivienda, autovaluo, numero_vivienda)
  VALUES (176, 'HOG176', ST_SetSRID(ST_MakePoint(-69.97837722301485, -15.876010425854087), 4326), 'Jayllihuaya', 'Rústica', 30250.0, '1');
INSERT INTO tributos (id_predio, id_contribuyente, monto_impuesto, pago_impuesto, monto_arbitrios, pago_arbitrios, ingreso_familiar, cantidad_personas, nivel_educativo_jefe, servicios_basicos)
  VALUES (176, 176, 65.0, TRUE, 81.0, TRUE, 605.0, 3, 'Primaria', 'Incompleto');
INSERT INTO predios (id_predio, codigo_catastral, geom, sector, tipo_vivienda, autovaluo, numero_vivienda)
  VALUES (177, 'HOG177', ST_SetSRID(ST_MakePoint(-69.9792516231537, -15.876846311282415), 4326), 'Jayllihuaya', 'Rústica', 56150.0, '3');
INSERT INTO tributos (id_predio, id_contribuyente, monto_impuesto, pago_impuesto, monto_arbitrios, pago_arbitrios, ingreso_familiar, cantidad_personas, nivel_educativo_jefe, servicios_basicos)
  VALUES (177, 177, 35.0, FALSE, 40.0, TRUE, 1123.0, 7, 'Secundaria', 'Sin servicio');
INSERT INTO predios (id_predio, codigo_catastral, geom, sector, tipo_vivienda, autovaluo, numero_vivienda)
  VALUES (178, 'HOG178', ST_SetSRID(ST_MakePoint(-69.9790531396866, -15.877006264271497), 4326), 'Jayllihuaya', 'Material noble', 58400.0, '2');
INSERT INTO tributos (id_predio, id_contribuyente, monto_impuesto, pago_impuesto, monto_arbitrios, pago_arbitrios, ingreso_familiar, cantidad_personas, nivel_educativo_jefe, servicios_basicos)
  VALUES (178, 178, 126.0, TRUE, 113.0, TRUE, 1168.0, 3, 'Superior técnica', 'Completo');
INSERT INTO predios (id_predio, codigo_catastral, geom, sector, tipo_vivienda, autovaluo, numero_vivienda)
  VALUES (179, 'HOG179', ST_SetSRID(ST_MakePoint(-69.97881710529329, -15.8771558975979), 4326), 'Jayllihuaya', 'Rústica', 104850.0, '1');
INSERT INTO tributos (id_predio, id_contribuyente, monto_impuesto, pago_impuesto, monto_arbitrios, pago_arbitrios, ingreso_familiar, cantidad_personas, nivel_educativo_jefe, servicios_basicos)
  VALUES (179, 179, 20.0, FALSE, 101.0, TRUE, 2097.0, 6, 'Primaria', 'Completo');
INSERT INTO predios (id_predio, codigo_catastral, geom, sector, tipo_vivienda, autovaluo, numero_vivienda)
  VALUES (180, 'HOG180', ST_SetSRID(ST_MakePoint(-69.97867763042451, -15.87727973199089), 4326), 'Jayllihuaya', 'Rústica', 83600.0, '1');
INSERT INTO tributos (id_predio, id_contribuyente, monto_impuesto, pago_impuesto, monto_arbitrios, pago_arbitrios, ingreso_familiar, cantidad_personas, nivel_educativo_jefe, servicios_basicos)
  VALUES (180, 180, 31.0, FALSE, 130.0, TRUE, 1672.0, 3, 'Secundaria', 'Completo');
INSERT INTO predios (id_predio, codigo_catastral, geom, sector, tipo_vivienda, autovaluo, numero_vivienda)
  VALUES (181, 'HOG181', ST_SetSRID(ST_MakePoint(-69.97962176799776, -15.87679471351691), 4326), 'Jayllihuaya', 'Material noble', 25000.0, '3');
INSERT INTO tributos (id_predio, id_contribuyente, monto_impuesto, pago_impuesto, monto_arbitrios, pago_arbitrios, ingreso_familiar, cantidad_personas, nivel_educativo_jefe, servicios_basicos)
  VALUES (181, 181, 133.0, FALSE, 99.0, TRUE, 500.0, 2, 'Secundaria', 'Completo');
INSERT INTO predios (id_predio, codigo_catastral, geom, sector, tipo_vivienda, autovaluo, numero_vivienda)
  VALUES (182, 'HOG182', ST_SetSRID(ST_MakePoint(-69.97943401336671, -15.876964986092924), 4326), 'Jayllihuaya', 'Rústica', 144850.0, '3');
INSERT INTO tributos (id_predio, id_contribuyente, monto_impuesto, pago_impuesto, monto_arbitrios, pago_arbitrios, ingreso_familiar, cantidad_personas, nivel_educativo_jefe, servicios_basicos)
  VALUES (182, 182, 92.0, FALSE, 132.0, TRUE, 2897.0, 5, 'Secundaria', 'Completo');
INSERT INTO predios (id_predio, codigo_catastral, geom, sector, tipo_vivienda, autovaluo, numero_vivienda)
  VALUES (183, 'HOG183', ST_SetSRID(ST_MakePoint(-69.97925698757173, -15.877073341293627), 4326), 'Jayllihuaya', 'Material noble', 117600.0, '4');
INSERT INTO tributos (id_predio, id_contribuyente, monto_impuesto, pago_impuesto, monto_arbitrios, pago_arbitrios, ingreso_familiar, cantidad_personas, nivel_educativo_jefe, servicios_basicos)
  VALUES (183, 183, 106.0, FALSE, 59.0, TRUE, 2352.0, 7, 'Secundaria', 'Incompleto');
INSERT INTO predios (id_predio, codigo_catastral, geom, sector, tipo_vivienda, autovaluo, numero_vivienda)
  VALUES (184, 'HOG184', ST_SetSRID(ST_MakePoint(-69.97913897037508, -15.877197175737352), 4326), 'Jayllihuaya', 'Rústica', 33200.0, '1');
INSERT INTO tributos (id_predio, id_contribuyente, monto_impuesto, pago_impuesto, monto_arbitrios, pago_arbitrios, ingreso_familiar, cantidad_personas, nivel_educativo_jefe, servicios_basicos)
  VALUES (184, 184, 43.0, TRUE, 21.0, TRUE, 664.0, 5, 'Secundaria', 'Sin servicio');
INSERT INTO predios (id_predio, codigo_catastral, geom, sector, tipo_vivienda, autovaluo, numero_vivienda)
  VALUES (185, 'HOG185', ST_SetSRID(ST_MakePoint(-69.97896194458009, -15.877300371048982), 4326), 'Jayllihuaya', 'Material noble', 62200.0, '1');
INSERT INTO tributos (id_predio, id_contribuyente, monto_impuesto, pago_impuesto, monto_arbitrios, pago_arbitrios, ingreso_familiar, cantidad_personas, nivel_educativo_jefe, servicios_basicos)
  VALUES (185, 185, 63.0, FALSE, 97.0, TRUE, 1244.0, 5, 'Secundaria', 'Completo');
INSERT INTO predios (id_predio, codigo_catastral, geom, sector, tipo_vivienda, autovaluo, numero_vivienda)
  VALUES (186, 'HOG186', ST_SetSRID(ST_MakePoint(-69.97876882553102, -15.877434524875055), 4326), 'Jayllihuaya', 'Rústica', 91650.0, '2');
INSERT INTO tributos (id_predio, id_contribuyente, monto_impuesto, pago_impuesto, monto_arbitrios, pago_arbitrios, ingreso_familiar, cantidad_personas, nivel_educativo_jefe, servicios_basicos)
  VALUES (186, 186, 50.0, TRUE, 134.0, TRUE, 1833.0, 2, 'Primaria', 'Completo');
INSERT INTO predios (id_predio, codigo_catastral, geom, sector, tipo_vivienda, autovaluo, numero_vivienda)
  VALUES (187, 'HOG187', ST_SetSRID(ST_MakePoint(-69.97866153717042, -15.8775738383691), 4326), 'Jayllihuaya', 'Material noble', 49550.0, '4');
INSERT INTO tributos (id_predio, id_contribuyente, monto_impuesto, pago_impuesto, monto_arbitrios, pago_arbitrios, ingreso_familiar, cantidad_personas, nivel_educativo_jefe, servicios_basicos)
  VALUES (187, 187, 51.0, FALSE, 65.0, FALSE, 991.0, 3, 'Primaria', 'Incompleto');
INSERT INTO predios (id_predio, codigo_catastral, geom, sector, tipo_vivienda, autovaluo, numero_vivienda)
  VALUES (188, 'HOG188', ST_SetSRID(ST_MakePoint(-69.97847378253938, -15.87770283225918), 4326), 'Jayllihuaya', 'Rústica', 88250.0, '4');
INSERT INTO tributos (id_predio, id_contribuyente, monto_impuesto, pago_impuesto, monto_arbitrios, pago_arbitrios, ingreso_familiar, cantidad_personas, nivel_educativo_jefe, servicios_basicos)
  VALUES (188, 188, 72.0, FALSE, 100.0, TRUE, 1765.0, 7, 'Superior técnica', 'Completo');
INSERT INTO predios (id_predio, codigo_catastral, geom, sector, tipo_vivienda, autovaluo, numero_vivienda)
  VALUES (189, 'HOG189', ST_SetSRID(ST_MakePoint(-69.97830748558046, -15.877831826066654), 4326), 'Jayllihuaya', 'Rústica', 49850.0, '2');
INSERT INTO tributos (id_predio, id_contribuyente, monto_impuesto, pago_impuesto, monto_arbitrios, pago_arbitrios, ingreso_familiar, cantidad_personas, nivel_educativo_jefe, servicios_basicos)
  VALUES (189, 189, 35.0, TRUE, 63.0, TRUE, 997.0, 3, 'Secundaria', 'Sin servicio');
INSERT INTO predios (id_predio, codigo_catastral, geom, sector, tipo_vivienda, autovaluo, numero_vivienda)
  VALUES (190, 'HOG190', ST_SetSRID(ST_MakePoint(-69.97978270053865, -15.87692370790589), 4326), 'Jayllihuaya', 'Rústica', 96950.0, '2');
INSERT INTO tributos (id_predio, id_contribuyente, monto_impuesto, pago_impuesto, monto_arbitrios, pago_arbitrios, ingreso_familiar, cantidad_personas, nivel_educativo_jefe, servicios_basicos)
  VALUES (190, 190, 50.0, TRUE, 61.0, TRUE, 1939.0, 5, 'Primaria', 'Completo');
INSERT INTO predios (id_predio, codigo_catastral, geom, sector, tipo_vivienda, autovaluo, numero_vivienda)
  VALUES (191, 'HOG191', ST_SetSRID(ST_MakePoint(-69.97967541217805, -15.877253933165285), 4326), 'Jayllihuaya', 'Rústica', 28450.0, '4');
INSERT INTO tributos (id_predio, id_contribuyente, monto_impuesto, pago_impuesto, monto_arbitrios, pago_arbitrios, ingreso_familiar, cantidad_personas, nivel_educativo_jefe, servicios_basicos)
  VALUES (191, 191, 56.0, TRUE, 102.0, TRUE, 569.0, 5, 'Secundaria', 'Completo');
INSERT INTO predios (id_predio, codigo_catastral, geom, sector, tipo_vivienda, autovaluo, numero_vivienda)
  VALUES (192, 'HOG192', ST_SetSRID(ST_MakePoint(-69.97926771640779, -15.877393246784239), 4326), 'Jayllihuaya', 'Rústica', 62950.0, '2');
INSERT INTO tributos (id_predio, id_contribuyente, monto_impuesto, pago_impuesto, monto_arbitrios, pago_arbitrios, ingreso_familiar, cantidad_personas, nivel_educativo_jefe, servicios_basicos)
  VALUES (192, 192, 58.0, TRUE, 96.0, FALSE, 1259.0, 4, 'Superior técnica', 'Completo');
INSERT INTO predios (id_predio, codigo_catastral, geom, sector, tipo_vivienda, autovaluo, numero_vivienda)
  VALUES (193, 'HOG193', ST_SetSRID(ST_MakePoint(-69.97940182685853, -15.877754429792086), 4326), 'Jayllihuaya', 'Material noble', 86750.0, '1');
INSERT INTO tributos (id_predio, id_contribuyente, monto_impuesto, pago_impuesto, monto_arbitrios, pago_arbitrios, ingreso_familiar, cantidad_personas, nivel_educativo_jefe, servicios_basicos)
  VALUES (193, 193, 139.0, FALSE, 103.0, TRUE, 1735.0, 2, 'Superior técnica', 'Completo');
INSERT INTO predios (id_predio, codigo_catastral, geom, sector, tipo_vivienda, autovaluo, numero_vivienda)
  VALUES (194, 'HOG194', ST_SetSRID(ST_MakePoint(-69.97893512248994, -15.877656394468268), 4326), 'Jayllihuaya', 'Material noble', 84100.0, '1');
INSERT INTO tributos (id_predio, id_contribuyente, monto_impuesto, pago_impuesto, monto_arbitrios, pago_arbitrios, ingreso_familiar, cantidad_personas, nivel_educativo_jefe, servicios_basicos)
  VALUES (194, 194, 135.0, TRUE, 99.0, TRUE, 1682.0, 5, 'Secundaria', 'Completo');
INSERT INTO predios (id_predio, codigo_catastral, geom, sector, tipo_vivienda, autovaluo, numero_vivienda)
  VALUES (195, 'HOG195', ST_SetSRID(ST_MakePoint(-69.97910141944887, -15.877996938019663), 4326), 'Jayllihuaya', 'Rústica', 55100.0, '3');
INSERT INTO tributos (id_predio, id_contribuyente, monto_impuesto, pago_impuesto, monto_arbitrios, pago_arbitrios, ingreso_familiar, cantidad_personas, nivel_educativo_jefe, servicios_basicos)
  VALUES (195, 195, 67.0, TRUE, 107.0, TRUE, 1102.0, 6, 'Superior técnica', 'Completo');
INSERT INTO predios (id_predio, codigo_catastral, geom, sector, tipo_vivienda, autovaluo, numero_vivienda)
  VALUES (196, 'HOG196', ST_SetSRID(ST_MakePoint(-69.97851669788362, -15.877981458779821), 4326), 'Jayllihuaya', 'Rústica', 54150.0, '2');
INSERT INTO tributos (id_predio, id_contribuyente, monto_impuesto, pago_impuesto, monto_arbitrios, pago_arbitrios, ingreso_familiar, cantidad_personas, nivel_educativo_jefe, servicios_basicos)
  VALUES (196, 196, 50.0, TRUE, 119.0, TRUE, 1083.0, 4, 'Superior técnica', 'Completo');
INSERT INTO predios (id_predio, codigo_catastral, geom, sector, tipo_vivienda, autovaluo, numero_vivienda)
  VALUES (197, 'HOG197', ST_SetSRID(ST_MakePoint(-69.97872054576875, -15.877971139285926), 4326), 'Jayllihuaya', 'Material noble', 99300.0, '1');
INSERT INTO tributos (id_predio, id_contribuyente, monto_impuesto, pago_impuesto, monto_arbitrios, pago_arbitrios, ingreso_familiar, cantidad_personas, nivel_educativo_jefe, servicios_basicos)
  VALUES (197, 197, 136.0, FALSE, 81.0, TRUE, 1986.0, 7, 'Secundaria', 'Completo');
INSERT INTO predios (id_predio, codigo_catastral, geom, sector, tipo_vivienda, autovaluo, numero_vivienda)
  VALUES (198, 'HOG198', ST_SetSRID(ST_MakePoint(-69.97886002063753, -15.87819300828809), 4326), 'Jayllihuaya', 'Rústica', 101250.0, '2');
INSERT INTO tributos (id_predio, id_contribuyente, monto_impuesto, pago_impuesto, monto_arbitrios, pago_arbitrios, ingreso_familiar, cantidad_personas, nivel_educativo_jefe, servicios_basicos)
  VALUES (198, 198, 30.0, TRUE, 56.0, TRUE, 2025.0, 3, 'Secundaria', 'Incompleto');
INSERT INTO predios (id_predio, codigo_catastral, geom, sector, tipo_vivienda, autovaluo, numero_vivienda)
  VALUES (199, 'HOG199', ST_SetSRID(ST_MakePoint(-69.97801780700685, -15.878084653689656), 4326), 'Jayllihuaya', 'Rústica', 75500.0, '2');
INSERT INTO tributos (id_predio, id_contribuyente, monto_impuesto, pago_impuesto, monto_arbitrios, pago_arbitrios, ingreso_familiar, cantidad_personas, nivel_educativo_jefe, servicios_basicos)
  VALUES (199, 199, 30.0, TRUE, 83.0, TRUE, 1510.0, 6, 'Secundaria', 'Completo');
INSERT INTO predios (id_predio, codigo_catastral, geom, sector, tipo_vivienda, autovaluo, numero_vivienda)
  VALUES (200, 'HOG200', ST_SetSRID(ST_MakePoint(-69.97769594192506, -15.878084653689656), 4326), 'Jayllihuaya', 'Rústica', 93000.0, '1');
INSERT INTO tributos (id_predio, id_contribuyente, monto_impuesto, pago_impuesto, monto_arbitrios, pago_arbitrios, ingreso_familiar, cantidad_personas, nivel_educativo_jefe, servicios_basicos)
  VALUES (200, 200, 59.0, TRUE, 62.0, TRUE, 1860.0, 2, 'Secundaria', 'Incompleto');
INSERT INTO predios (id_predio, codigo_catastral, geom, sector, tipo_vivienda, autovaluo, numero_vivienda)
  VALUES (201, 'HOG201', ST_SetSRID(ST_MakePoint(-69.97787296772005, -15.877965979538782), 4326), 'Jayllihuaya', 'Rústica', 63850.0, '1');
INSERT INTO tributos (id_predio, id_contribuyente, monto_impuesto, pago_impuesto, monto_arbitrios, pago_arbitrios, ingreso_familiar, cantidad_personas, nivel_educativo_jefe, servicios_basicos)
  VALUES (201, 201, 55.0, TRUE, 112.0, TRUE, 1277.0, 5, 'Secundaria', 'Completo');
INSERT INTO predios (id_predio, codigo_catastral, geom, sector, tipo_vivienda, autovaluo, numero_vivienda)
  VALUES (202, 'HOG202', ST_SetSRID(ST_MakePoint(-69.9780982732773, -15.87778022855357), 4326), 'Jayllihuaya', 'Rústica', 73950.0, '1');
INSERT INTO tributos (id_predio, id_contribuyente, monto_impuesto, pago_impuesto, monto_arbitrios, pago_arbitrios, ingreso_familiar, cantidad_personas, nivel_educativo_jefe, servicios_basicos)
  VALUES (202, 202, 67.0, TRUE, 67.0, FALSE, 1479.0, 4, 'Primaria', 'Sin servicio');
INSERT INTO predios (id_predio, codigo_catastral, geom, sector, tipo_vivienda, autovaluo, numero_vivienda)
  VALUES (203, 'HOG203', ST_SetSRID(ST_MakePoint(-69.97828602790834, -15.877589317640279), 4326), 'Jayllihuaya', 'Material noble', 103950.0, '4');
INSERT INTO tributos (id_predio, id_contribuyente, monto_impuesto, pago_impuesto, monto_arbitrios, pago_arbitrios, ingreso_familiar, cantidad_personas, nivel_educativo_jefe, servicios_basicos)
  VALUES (203, 203, 96.0, TRUE, 65.0, FALSE, 2079.0, 3, 'Primaria', 'Sin servicio');
INSERT INTO predios (id_predio, codigo_catastral, geom, sector, tipo_vivienda, autovaluo, numero_vivienda)
  VALUES (204, 'HOG204', ST_SetSRID(ST_MakePoint(-69.97960567474367, -15.878012417258324), 4326), 'Jayllihuaya', 'Rústica', 61450.0, '1');
INSERT INTO tributos (id_predio, id_contribuyente, monto_impuesto, pago_impuesto, monto_arbitrios, pago_arbitrios, ingreso_familiar, cantidad_personas, nivel_educativo_jefe, servicios_basicos)
  VALUES (204, 204, 66.0, TRUE, 103.0, TRUE, 1229.0, 7, 'Superior universitaria', 'Completo');
INSERT INTO predios (id_predio, codigo_catastral, geom, sector, tipo_vivienda, autovaluo, numero_vivienda)
  VALUES (205, 'HOG205', ST_SetSRID(ST_MakePoint(-69.97944474220277, -15.878162049837346), 4326), 'Jayllihuaya', 'Material noble', 64150.0, '3');
INSERT INTO tributos (id_predio, id_contribuyente, monto_impuesto, pago_impuesto, monto_arbitrios, pago_arbitrios, ingreso_familiar, cantidad_personas, nivel_educativo_jefe, servicios_basicos)
  VALUES (205, 205, 143.0, TRUE, 98.0, TRUE, 1283.0, 4, 'Primaria', 'Completo');
INSERT INTO predios (id_predio, codigo_catastral, geom, sector, tipo_vivienda, autovaluo, numero_vivienda)
  VALUES (206, 'HOG206', ST_SetSRID(ST_MakePoint(-69.97994363307954, -15.87775958954465), 4326), 'Jayllihuaya', 'Rústica', 38250.0, '1');
INSERT INTO tributos (id_predio, id_contribuyente, monto_impuesto, pago_impuesto, monto_arbitrios, pago_arbitrios, ingreso_familiar, cantidad_personas, nivel_educativo_jefe, servicios_basicos)
  VALUES (206, 206, 61.0, FALSE, 25.0, TRUE, 765.0, 3, 'Secundaria', 'Incompleto');
INSERT INTO predios (id_predio, codigo_catastral, geom, sector, tipo_vivienda, autovaluo, numero_vivienda)
  VALUES (207, 'HOG207', ST_SetSRID(ST_MakePoint(-69.9798095226288, -15.877831826066654), 4326), 'Jayllihuaya', 'Rústica', 72100.0, '1');
INSERT INTO tributos (id_predio, id_contribuyente, monto_impuesto, pago_impuesto, monto_arbitrios, pago_arbitrios, ingreso_familiar, cantidad_personas, nivel_educativo_jefe, servicios_basicos)
  VALUES (207, 207, 60.0, TRUE, 38.0, FALSE, 1442.0, 7, 'Secundaria', 'Incompleto');
INSERT INTO predios (id_predio, codigo_catastral, geom, sector, tipo_vivienda, autovaluo, numero_vivienda)
  VALUES (208, 'HOG208', ST_SetSRID(ST_MakePoint(-69.98014211654665, -15.87766155422335), 4326), 'Jayllihuaya', 'Rústica', 101850.0, '4');
INSERT INTO tributos (id_predio, id_contribuyente, monto_impuesto, pago_impuesto, monto_arbitrios, pago_arbitrios, ingreso_familiar, cantidad_personas, nivel_educativo_jefe, servicios_basicos)
  VALUES (208, 208, 35.0, FALSE, 104.0, FALSE, 2037.0, 4, 'Primaria', 'Completo');
INSERT INTO predios (id_predio, codigo_catastral, geom, sector, tipo_vivienda, autovaluo, numero_vivienda)
  VALUES (209, 'HOG209', ST_SetSRID(ST_MakePoint(-69.98028695583345, -15.877542879823208), 4326), 'Jayllihuaya', 'Material noble', 103350.0, '4');
INSERT INTO tributos (id_predio, id_contribuyente, monto_impuesto, pago_impuesto, monto_arbitrios, pago_arbitrios, ingreso_familiar, cantidad_personas, nivel_educativo_jefe, servicios_basicos)
  VALUES (209, 209, 161.0, TRUE, 31.0, TRUE, 2067.0, 7, 'Superior técnica', 'Incompleto');
INSERT INTO predios (id_predio, codigo_catastral, geom, sector, tipo_vivienda, autovaluo, numero_vivienda)
  VALUES (210, 'HOG210', ST_SetSRID(ST_MakePoint(-69.98030304908754, -15.876908228583583), 4326), 'Jayllihuaya', 'Rústica', 56750.0, '1');
INSERT INTO tributos (id_predio, id_contribuyente, monto_impuesto, pago_impuesto, monto_arbitrios, pago_arbitrios, ingreso_familiar, cantidad_personas, nivel_educativo_jefe, servicios_basicos)
  VALUES (210, 210, 90.0, TRUE, 121.0, TRUE, 1135.0, 3, 'Primaria', 'Completo');
INSERT INTO predios (id_predio, codigo_catastral, geom, sector, tipo_vivienda, autovaluo, numero_vivienda)
  VALUES (211, 'HOG211', ST_SetSRID(ST_MakePoint(-69.98013675212862, -15.877021743586274), 4326), 'Jayllihuaya', 'Rústica', 74850.0, '1');
INSERT INTO tributos (id_predio, id_contribuyente, monto_impuesto, pago_impuesto, monto_arbitrios, pago_arbitrios, ingreso_familiar, cantidad_personas, nivel_educativo_jefe, servicios_basicos)
  VALUES (211, 211, 37.0, TRUE, 99.0, TRUE, 1497.0, 4, 'Secundaria', 'Completo');
INSERT INTO predios (id_predio, codigo_catastral, geom, sector, tipo_vivienda, autovaluo, numero_vivienda)
  VALUES (212, 'HOG212', ST_SetSRID(ST_MakePoint(-69.98027622699739, -15.877181696436049), 4326), 'Jayllihuaya', 'Material noble', 93300.0, '5');
INSERT INTO tributos (id_predio, id_contribuyente, monto_impuesto, pago_impuesto, monto_arbitrios, pago_arbitrios, ingreso_familiar, cantidad_personas, nivel_educativo_jefe, servicios_basicos)
  VALUES (212, 212, 115.0, FALSE, 91.0, TRUE, 1866.0, 4, 'Superior universitaria', 'Completo');
INSERT INTO predios (id_predio, codigo_catastral, geom, sector, tipo_vivienda, autovaluo, numero_vivienda)
  VALUES (213, 'HOG213', ST_SetSRID(ST_MakePoint(-69.98045325279237, -15.877408726069284), 4326), 'Jayllihuaya', 'Material noble', 78850.0, '4');
INSERT INTO tributos (id_predio, id_contribuyente, monto_impuesto, pago_impuesto, monto_arbitrios, pago_arbitrios, ingreso_familiar, cantidad_personas, nivel_educativo_jefe, servicios_basicos)
  VALUES (213, 213, 159.0, TRUE, 64.0, TRUE, 1577.0, 3, 'Primaria', 'Sin servicio');
INSERT INTO predios (id_predio, codigo_catastral, geom, sector, tipo_vivienda, autovaluo, numero_vivienda)
  VALUES (214, 'HOG214', ST_SetSRID(ST_MakePoint(-69.98064100742342, -15.876665719045322), 4326), 'Jayllihuaya', 'Rústica', 89450.0, '1');
INSERT INTO tributos (id_predio, id_contribuyente, monto_impuesto, pago_impuesto, monto_arbitrios, pago_arbitrios, ingreso_familiar, cantidad_personas, nivel_educativo_jefe, servicios_basicos)
  VALUES (214, 214, 57.0, FALSE, 132.0, FALSE, 1789.0, 4, 'Primaria', 'Completo');
INSERT INTO predios (id_predio, codigo_catastral, geom, sector, tipo_vivienda, autovaluo, numero_vivienda)
  VALUES (215, 'HOG215', ST_SetSRID(ST_MakePoint(-69.98050689697267, -15.87679471351691), 4326), 'Jayllihuaya', 'Rústica', 126750.0, '1');
INSERT INTO tributos (id_predio, id_contribuyente, monto_impuesto, pago_impuesto, monto_arbitrios, pago_arbitrios, ingreso_familiar, cantidad_personas, nivel_educativo_jefe, servicios_basicos)
  VALUES (215, 215, 82.0, TRUE, 69.0, TRUE, 2535.0, 4, 'Secundaria', 'Incompleto');
INSERT INTO predios (id_predio, codigo_catastral, geom, sector, tipo_vivienda, autovaluo, numero_vivienda)
  VALUES (216, 'HOG216', ST_SetSRID(ST_MakePoint(-69.98028695583345, -15.876191018678616), 4326), 'Jayllihuaya', 'Rústica', 27800.0, '2');
INSERT INTO tributos (id_predio, id_contribuyente, monto_impuesto, pago_impuesto, monto_arbitrios, pago_arbitrios, ingreso_familiar, cantidad_personas, nivel_educativo_jefe, servicios_basicos)
  VALUES (216, 216, 54.0, FALSE, 48.0, TRUE, 556.0, 4, 'Superior universitaria', 'Sin servicio');
INSERT INTO predios (id_predio, codigo_catastral, geom, sector, tipo_vivienda, autovaluo, numero_vivienda)
  VALUES (217, 'HOG217', ST_SetSRID(ST_MakePoint(-69.98044252395631, -15.876082663003336), 4326), 'Jayllihuaya', 'Material noble', 100200.0, '3');
INSERT INTO tributos (id_predio, id_contribuyente, monto_impuesto, pago_impuesto, monto_arbitrios, pago_arbitrios, ingreso_familiar, cantidad_personas, nivel_educativo_jefe, servicios_basicos)
  VALUES (217, 217, 84.0, TRUE, 79.0, FALSE, 2004.0, 5, 'Secundaria', 'Completo');
INSERT INTO predios (id_predio, codigo_catastral, geom, sector, tipo_vivienda, autovaluo, numero_vivienda)
  VALUES (218, 'HOG218', ST_SetSRID(ST_MakePoint(-69.98063027858736, -15.875984626865945), 4326), 'Jayllihuaya', 'Material noble', 110100.0, '3');
INSERT INTO tributos (id_predio, id_contribuyente, monto_impuesto, pago_impuesto, monto_arbitrios, pago_arbitrios, ingreso_familiar, cantidad_personas, nivel_educativo_jefe, servicios_basicos)
  VALUES (218, 218, 107.0, FALSE, 85.0, TRUE, 2202.0, 5, 'Primaria', 'Completo');
INSERT INTO predios (id_predio, codigo_catastral, geom, sector, tipo_vivienda, autovaluo, numero_vivienda)
  VALUES (219, 'HOG219', ST_SetSRID(ST_MakePoint(-69.98083949089052, -15.876196178471229), 4326), 'Jayllihuaya', 'Rústica', 101350.0, '2');
INSERT INTO tributos (id_predio, id_contribuyente, monto_impuesto, pago_impuesto, monto_arbitrios, pago_arbitrios, ingreso_familiar, cantidad_personas, nivel_educativo_jefe, servicios_basicos)
  VALUES (219, 219, 69.0, TRUE, 48.0, FALSE, 2027.0, 3, 'Superior técnica', 'Incompleto');
INSERT INTO predios (id_predio, codigo_catastral, geom, sector, tipo_vivienda, autovaluo, numero_vivienda)
  VALUES (220, 'HOG220', ST_SetSRID(ST_MakePoint(-69.98054444789888, -15.87627357534448), 4326), 'Jayllihuaya', 'Rústica', 74050.0, '2');
INSERT INTO tributos (id_predio, id_contribuyente, monto_impuesto, pago_impuesto, monto_arbitrios, pago_arbitrios, ingreso_familiar, cantidad_personas, nivel_educativo_jefe, servicios_basicos)
  VALUES (220, 220, 46.0, TRUE, 122.0, TRUE, 1481.0, 4, 'Secundaria', 'Completo');

-- Total predios insertados: 220
-- Total tributos insertados: 220

-- Actualizar secuencias
SELECT setval('contribuyentes_id_contribuyente_seq', 220, true);
SELECT setval('predios_id_predio_seq', 220, true);
SELECT setval('tributos_id_tributo_seq', 220, true);